alpha, makespan, duration;
0.25,95,0.4987678527832031;
0.5,95,0.5171682834625244;
0.75,95,0.48831987380981445;
1,95,0.4773249626159668;
