alpha, makespan, duration;
0.25,77,0.4522581100463867;
0.5,77,0.4576587677001953;
0.75,77,0.46051883697509766;
1,77,0.42429590225219727;
