alpha, makespan, duration;
0.25,92,0.5665369033813477;
0.5,92,0.5850820541381836;
0.75,92,0.5697352886199951;
1,92,0.5188291072845459;
