alpha, makespan, duration;
0.25,83,0.44269299507141113;
0.5,83,0.43959712982177734;
0.75,83,0.40018367767333984;
1,83,0.40044713020324707;
