alpha, makespan, duration;
0.25,81,0.6001532077789307;
0.5,81,0.5806751251220703;
0.75,81,0.5690131187438965;
1,81,0.5986974239349365;
