alpha, makespan, duration;
0.25,94,0.4153580665588379;
0.5,94,0.42226624488830566;
0.75,94,0.42507195472717285;
1,94,0.38478612899780273;
