alpha, makespan, duration;
0.25,96,0.4163818359375;
0.5,96,0.42108607292175293;
0.75,96,0.41982102394104004;
1,96,0.41347479820251465;
