alpha, makespan, duration;
0.25,89,0.44440603256225586;
0.5,89,0.44937705993652344;
0.75,89,0.44963717460632324;
1,89,0.42620015144348145;
