alpha, makespan, duration;
0.25,90,0.5762510299682617;
0.5,87,0.5587129592895508;
0.75,87,0.5444390773773193;
1,89,0.5491063594818115;
