alpha, makespan, duration;
0.25,97,0.6099519729614258;
0.5,97,0.5940790176391602;
0.75,97,0.6140532493591309;
1,95,0.5832877159118652;
