alpha, makespan, duration;
0.25,84,0.6052141189575195;
0.5,84,0.5162651538848877;
0.75,84,0.5086891651153564;
1,84,0.5148470401763916;
