alpha, makespan, duration;
0.25,79,0.3840329647064209;
0.5,79,0.3823089599609375;
0.75,79,0.39156198501586914;
1,79,0.3858978748321533;
