alpha, makespan, duration;
0.25,74,0.3949391841888428;
0.5,74,0.39730405807495117;
0.75,74,0.4029858112335205;
1,74,0.38385605812072754;
