alpha, makespan, duration;
0.25,62,0.3770129680633545;
0.5,62,0.37464404106140137;
0.75,62,0.37863993644714355;
1,62,0.37528300285339355;
