alpha, makespan, duration;
0.25,101,0.5986738204956055;
0.5,100,0.572807788848877;
0.75,101,0.5667839050292969;
1,94,0.5722339153289795;
