alpha, makespan, duration;
0.25,78,0.468613862991333;
0.5,78,0.46299171447753906;
0.75,78,0.46312499046325684;
1,78,0.40810322761535645;
