alpha, makespan, duration;
0.25,90,0.6560423374176025;
0.5,90,0.8005039691925049;
0.75,90,0.7112979888916016;
1,90,0.6555078029632568;
