alpha, makespan, duration;
0.25,104,0.5790839195251465;
0.5,103,0.5768401622772217;
0.75,102,0.5759091377258301;
1,103,0.5540480613708496;
