alpha, makespan, duration;
0.25,65,0.38522887229919434;
0.5,65,0.3768501281738281;
0.75,65,0.4102921485900879;
1,65,0.3722841739654541;
