alpha, makespan, duration;
0.25,85,0.4713752269744873;
0.5,85,0.4755289554595947;
0.75,85,0.4656031131744385;
1,85,0.42710304260253906;
