alpha, makespan, duration;
0.25,86,0.4518918991088867;
0.5,86,0.44934892654418945;
0.75,86,0.44582509994506836;
1,86,0.4108700752258301;
