alpha, makespan, duration;
0.25,72,0.36271190643310547;
0.5,72,0.36580395698547363;
0.75,72,0.36802172660827637;
1,72,0.3647170066833496;
