alpha, makespan, duration;
0.25,69,0.43425798416137695;
0.5,69,0.4320230484008789;
0.75,70,0.4425680637359619;
1,70,0.4142599105834961;
