alpha, makespan, duration;
0.25,84,0.538053035736084;
0.5,84,0.5354170799255371;
0.75,84,0.5440337657928467;
1,84,0.5099289417266846;
