alpha, makespan, duration;
0.25,84,0.9146597385406494;
0.5,84,0.717087984085083;
0.75,84,0.48838090896606445;
1,84,0.5539450645446777;
