alpha, makespan, duration;
0.25,83,0.4072258472442627;
0.5,83,0.40756797790527344;
0.75,83,0.4202911853790283;
1,83,0.3820369243621826;
