alpha, makespan, duration;
0.25,77,0.4216160774230957;
0.5,77,0.42267394065856934;
0.75,77,0.4411740303039551;
1,77,0.4239678382873535;
