alpha, makespan, duration;
0.25,78,0.39702916145324707;
0.5,78,0.39808225631713867;
0.75,78,0.3977470397949219;
1,78,0.3850131034851074;
