alpha, makespan, duration;
0.25,77,0.398784875869751;
0.5,77,0.3953709602355957;
0.75,77,0.3970942497253418;
1,77,0.40311384201049805;
