alpha, makespan, duration;
0.25,92,0.6217131614685059;
0.5,91,0.6172432899475098;
0.75,90,0.6023011207580566;
1,90,0.5191440582275391;
