alpha, makespan, duration;
0.25,89,0.48682284355163574;
0.5,91,0.5042366981506348;
0.75,90,0.5127561092376709;
1,89,0.49352121353149414;
