alpha, makespan, duration;
0.25,80,0.5438601970672607;
0.5,80,0.53122878074646;
0.75,80,0.5408380031585693;
1,80,0.4856147766113281;
