alpha, makespan, duration;
0.25,110,0.6880350112915039;
0.5,110,0.6764721870422363;
0.75,109,0.6818320751190186;
1,102,0.6043210029602051;
