alpha, makespan, duration;
0.25,83,0.4055960178375244;
0.5,83,0.4160430431365967;
0.75,83,0.4448740482330322;
1,83,0.4024848937988281;
