alpha, makespan, duration;
0.25,76,0.5627710819244385;
0.5,76,0.5803802013397217;
0.75,76,0.567924976348877;
1,76,0.525306224822998;
