alpha, makespan, duration;
0.25,78,0.4630708694458008;
0.5,78,0.4532287120819092;
0.75,78,0.4698152542114258;
1,78,0.40930724143981934;
