alpha, makespan, duration;
0.25,67,0.45946383476257324;
0.5,67,0.44704413414001465;
0.75,67,0.45837998390197754;
1,67,0.43485593795776367;
