alpha, makespan, duration;
0.25,78,0.4608469009399414;
0.5,78,0.4528968334197998;
0.75,78,0.459104061126709;
1,78,0.4491300582885742;
