alpha, makespan, duration;
0.25,72,0.4268181324005127;
0.5,66,0.41626906394958496;
0.75,71,0.4178597927093506;
1,66,0.41523003578186035;
