alpha, makespan, duration;
0.25,74,0.48664283752441406;
0.5,74,0.4852180480957031;
0.75,74,0.5038340091705322;
1,74,0.43457794189453125;
