alpha, makespan, duration;
0.25,69,0.41170716285705566;
0.5,68,0.41560816764831543;
0.75,68,0.41540002822875977;
1,68,0.40027523040771484;
