alpha, makespan, duration;
0.25,95,0.6328229904174805;
0.5,95,0.6474239826202393;
0.75,95,0.6455223560333252;
1,95,0.6196799278259277;
