alpha, makespan, duration;
0.25,79,0.4382169246673584;
0.5,79,0.4311368465423584;
0.75,79,0.42455315589904785;
1,79,0.405336856842041;
