alpha, makespan, duration;
0.25,75,0.36696696281433105;
0.5,75,0.36605072021484375;
0.75,75,0.37339210510253906;
1,75,0.38028979301452637;
