alpha, makespan, duration;
0.25,84,0.4299356937408447;
0.5,84,0.4332900047302246;
0.75,84,0.4337153434753418;
1,84,0.4414219856262207;
