alpha, makespan, duration;
0.25,60,0.4499318599700928;
0.5,60,0.453502893447876;
0.75,60,0.43825197219848633;
1,61,0.3926279544830322;
