alpha, makespan, duration;
0.25,122,0.8896727561950684;
0.5,122,0.873863935470581;
0.75,122,0.8541388511657715;
1,122,0.8088829517364502;
