alpha, makespan, duration;
0.25,82,0.39400410652160645;
0.5,82,0.3942880630493164;
0.75,82,0.397676944732666;
1,82,0.3885939121246338;
