alpha, makespan, duration;
0.25,97,0.47412919998168945;
0.5,96,0.478222131729126;
0.75,96,0.46411991119384766;
1,96,0.44119811058044434;
