alpha, makespan, duration;
0.25,96,0.5047810077667236;
0.5,96,0.5126149654388428;
0.75,91,0.5066449642181396;
1,93,0.4641578197479248;
