alpha, makespan, duration;
0.25,82,0.6886398792266846;
0.5,82,1.0200660228729248;
0.75,82,0.6674942970275879;
1,82,0.6202852725982666;
