alpha, makespan, duration;
0.25,76,0.536808967590332;
0.5,76,0.5327377319335938;
0.75,76,0.527745246887207;
1,76,0.5248780250549316;
