alpha, makespan, duration;
0.25,72,0.4046170711517334;
0.5,72,0.4079148769378662;
0.75,72,0.39873623847961426;
1,72,0.3604929447174072;
