alpha, makespan, duration;
0.25,103,0.5859451293945312;
0.5,103,0.5857141017913818;
0.75,93,0.5770800113677979;
1,92,0.4980158805847168;
