alpha, makespan, duration;
0.25,100,0.45867013931274414;
0.5,100,0.4596872329711914;
0.75,100,0.45334601402282715;
1,100,0.4064650535583496;
