alpha, makespan, duration;
0.25,87,2.9224681854248047;
0.5,87,1.180359125137329;
0.75,87,0.7645587921142578;
1,87,0.6602098941802979;
