alpha, makespan, duration;
0.25,84,0.46101999282836914;
0.5,84,0.46903395652770996;
0.75,84,0.4761972427368164;
1,84,0.4551999568939209;
