alpha, makespan, duration;
0.25,83,0.4679582118988037;
0.5,83,0.4613769054412842;
0.75,83,0.4470968246459961;
1,83,0.43006300926208496;
