alpha, makespan, duration;
0.25,72,0.3847341537475586;
0.5,72,0.40393757820129395;
0.75,72,0.402191162109375;
1,72,0.37450504302978516;
