alpha, makespan, duration;
0.25,101,0.58498215675354;
0.5,100,0.605079174041748;
0.75,100,0.5980181694030762;
1,100,0.5591111183166504;
