alpha, makespan, duration;
0.25,84,0.4366300106048584;
0.5,84,0.4440600872039795;
0.75,84,0.44711780548095703;
1,84,0.455625057220459;
