alpha, makespan, duration;
0.25,72,0.5538558959960938;
0.5,72,0.5646939277648926;
0.75,72,0.5936658382415771;
1,72,0.5669350624084473;
