alpha, makespan, duration;
0.25,89,0.4340841770172119;
0.5,89,0.44271278381347656;
0.75,89,0.43280482292175293;
1,89,0.3987619876861572;
