alpha, makespan, duration;
0.25,72,0.3671989440917969;
0.5,72,0.35858893394470215;
0.75,72,0.35214781761169434;
1,72,0.3783087730407715;
