alpha, makespan, duration;
0.25,95,0.562920093536377;
0.5,95,0.5600619316101074;
0.75,96,0.5473170280456543;
1,95,0.5018413066864014;
