alpha, makespan, duration;
0.25,101,0.5551848411560059;
0.5,101,0.5513279438018799;
0.75,99,0.5333943367004395;
1,99,0.5292270183563232;
