alpha, makespan, duration;
0.25,60,0.36622095108032227;
0.5,60,0.3506748676300049;
0.75,60,0.35683298110961914;
1,60,0.3518249988555908;
