alpha, makespan, duration;
0.25,82,0.4777097702026367;
0.5,82,0.4767000675201416;
0.75,82,0.5208148956298828;
1,82,0.4549529552459717;
