alpha, makespan, duration;
0.25,82,0.3492248058319092;
0.5,82,0.34911680221557617;
0.75,82,0.35204005241394043;
1,82,0.3576982021331787;
