alpha, makespan, duration;
0.25,87,0.5815181732177734;
0.5,87,0.5899462699890137;
0.75,87,0.6059608459472656;
1,87,0.5211048126220703;
