alpha, makespan, duration;
0.25,94,0.4569559097290039;
0.5,94,0.4461991786956787;
0.75,94,0.4538838863372803;
1,94,0.4322397708892822;
