alpha, makespan, duration;
0.25,89,0.6083850860595703;
0.5,89,0.6155781745910645;
0.75,86,0.6087050437927246;
1,84,0.5985000133514404;
