alpha, makespan, duration;
0.25,72,0.3969278335571289;
0.5,72,0.4057488441467285;
0.75,72,0.4104580879211426;
1,72,0.39002490043640137;
