alpha, makespan, duration;
0.25,83,0.43810606002807617;
0.5,83,0.4423232078552246;
0.75,83,0.4402809143066406;
1,83,0.4192850589752197;
