alpha, makespan, duration;
0.25,70,0.3945331573486328;
0.5,70,0.40166306495666504;
0.75,70,0.4012930393218994;
1,70,0.37096500396728516;
