alpha, makespan, duration;
0.25,72,0.40859389305114746;
0.5,72,0.4105260372161865;
0.75,72,0.4058492183685303;
1,72,0.39690089225769043;
