alpha, makespan, duration;
0.25,78,0.4490518569946289;
0.5,78,0.4499778747558594;
0.75,78,0.45582103729248047;
1,78,0.444852352142334;
