alpha, makespan, duration;
0.25,93,0.8128952980041504;
0.5,93,0.7301061153411865;
0.75,93,0.7178800106048584;
1,93,0.7058868408203125;
