alpha, makespan, duration;
0.25,82,0.5863549709320068;
0.5,82,0.595829963684082;
0.75,82,0.616300106048584;
1,82,0.5432558059692383;
