alpha, makespan, duration;
0.25,90,0.4602649211883545;
0.5,87,0.46041107177734375;
0.75,87,0.4615340232849121;
1,86,0.42458486557006836;
