alpha, makespan, duration;
0.25,113,0.5578839778900146;
0.5,113,0.5606570243835449;
0.75,113,0.5610270500183105;
1,113,0.5178351402282715;
