alpha, makespan, duration;
0.25,93,0.5314779281616211;
0.5,93,0.521475076675415;
0.75,93,0.5540351867675781;
1,93,0.46958208084106445;
