alpha, makespan, duration;
0.25,82,0.44200801849365234;
0.5,82,0.43434715270996094;
0.75,82,0.4414060115814209;
1,82,0.42661190032958984;
