alpha, makespan, duration;
0.25,81,0.5798380374908447;
0.5,81,0.5536949634552002;
0.75,81,0.5439751148223877;
1,81,0.5497207641601562;
