alpha, makespan, duration;
0.25,103,0.6269221305847168;
0.5,103,0.6022143363952637;
0.75,103,0.5873441696166992;
1,102,0.5404670238494873;
