alpha, makespan, duration;
0.25,90,0.5044970512390137;
0.5,90,0.5072319507598877;
0.75,90,0.5011541843414307;
1,90,0.4390079975128174;
