alpha, makespan, duration;
0.25,112,0.6970422267913818;
0.5,115,0.681145191192627;
0.75,115,0.6747250556945801;
1,111,0.6253609657287598;
