alpha, makespan, duration;
0.25,86,0.5068371295928955;
0.5,86,0.5100328922271729;
0.75,86,0.5523719787597656;
1,86,0.4403970241546631;
