alpha, makespan, duration;
0.25,84,0.5716519355773926;
0.5,83,0.5590779781341553;
0.75,84,0.5599641799926758;
1,83,0.5444562435150146;
