alpha, makespan, duration;
0.25,80,0.43083691596984863;
0.5,80,0.42677879333496094;
0.75,80,0.44265103340148926;
1,80,0.43255090713500977;
