alpha, makespan, duration;
0.25,87,0.4994027614593506;
0.5,87,0.4918661117553711;
0.75,87,0.5069739818572998;
1,87,0.466339111328125;
