alpha, makespan, duration;
0.25,137,0.7488329410552979;
0.5,137,0.7353150844573975;
0.75,137,0.7370779514312744;
1,137,0.6939101219177246;
