alpha, makespan, duration;
0.25,88,0.5439028739929199;
0.5,88,0.5514309406280518;
0.75,88,0.5471208095550537;
1,85,0.49282002449035645;
