alpha, makespan, duration;
0.25,93,0.43237829208374023;
0.5,93,0.4263651371002197;
0.75,93,0.4340231418609619;
1,93,0.45711684226989746;
