alpha, makespan, duration;
0.25,80,0.4526100158691406;
0.5,80,0.4501519203186035;
0.75,80,0.455549955368042;
1,80,0.4302699565887451;
