alpha, makespan, duration;
0.25,113,0.46157097816467285;
0.5,113,0.47779011726379395;
0.75,113,0.47533178329467773;
1,113,0.5096147060394287;
