alpha, makespan, duration;
0.25,83,0.4382472038269043;
0.5,83,0.43010997772216797;
0.75,83,0.4148101806640625;
1,83,0.3947272300720215;
