alpha, makespan, duration;
0.25,87,0.5682780742645264;
0.5,87,0.5799400806427002;
0.75,87,0.5742659568786621;
1,87,0.5380618572235107;
