alpha, makespan, duration;
0.25,95,0.5539510250091553;
0.5,94,0.5545952320098877;
0.75,94,0.5446012020111084;
1,93,0.5296380519866943;
