alpha, makespan, duration;
0.25,67,0.3871281147003174;
0.5,67,0.3755028247833252;
0.75,67,0.3836679458618164;
1,67,0.3711400032043457;
