alpha, makespan, duration;
0.25,71,0.415938138961792;
0.5,71,0.37227892875671387;
0.75,71,0.3750429153442383;
1,71,0.3826000690460205;
