alpha, makespan, duration;
0.25,79,0.4599471092224121;
0.5,79,0.4666149616241455;
0.75,79,0.4718351364135742;
1,79,0.44109630584716797;
