alpha, makespan, duration;
0.25,66,0.38048791885375977;
0.5,66,0.3786640167236328;
0.75,66,0.39649081230163574;
1,66,0.37209582328796387;
