alpha, makespan, duration;
0.25,74,0.36466312408447266;
0.5,74,0.36383938789367676;
0.75,74,0.36504387855529785;
1,74,0.37006211280822754;
