alpha, makespan, duration;
0.25,95,0.44437599182128906;
0.5,95,0.44196486473083496;
0.75,95,0.4485468864440918;
1,95,0.4715578556060791;
