alpha, makespan, duration;
0.25,77,0.39888787269592285;
0.5,77,0.4055607318878174;
0.75,77,0.3987250328063965;
1,77,0.4031410217285156;
