alpha, makespan, duration;
0.25,90,0.4813201427459717;
0.5,91,0.48554301261901855;
0.75,89,0.4932072162628174;
1,90,0.47843098640441895;
