alpha, makespan, duration;
0.25,86,0.5684490203857422;
0.5,86,0.5632503032684326;
0.75,86,0.572702169418335;
1,86,0.5072519779205322;
