alpha, makespan, duration;
0.25,70,0.4473903179168701;
0.5,70,0.43230104446411133;
0.75,70,0.4476449489593506;
1,70,0.4144577980041504;
