alpha, makespan, duration;
0.25,72,0.5413029193878174;
0.5,72,0.5666210651397705;
0.75,68,0.5115058422088623;
1,68,0.45923304557800293;
