alpha, makespan, duration;
0.25,79,0.4647560119628906;
0.5,79,0.46434521675109863;
0.75,79,0.4695580005645752;
1,79,0.4399077892303467;
