alpha, makespan, duration;
0.25,96,0.5228948593139648;
0.5,96,0.5227530002593994;
0.75,96,0.5303962230682373;
1,96,0.5190660953521729;
