alpha, makespan, duration;
0.25,87,0.5137119293212891;
0.5,87,0.514915943145752;
0.75,87,0.5157420635223389;
1,87,0.48097681999206543;
