alpha, makespan, duration;
0.25,70,0.5188109874725342;
0.5,70,0.5111560821533203;
0.75,70,0.5045418739318848;
1,70,0.47809505462646484;
