alpha, makespan, duration;
0.25,83,0.4502408504486084;
0.5,83,0.4555368423461914;
0.75,83,0.45877814292907715;
1,83,0.42444324493408203;
