alpha, makespan, duration;
0.25,72,0.48381495475769043;
0.5,72,0.477769136428833;
0.75,72,0.4828498363494873;
1,72,0.4427030086517334;
