alpha, makespan, duration;
0.25,81,0.441054105758667;
0.5,81,0.4349861145019531;
0.75,81,0.44628286361694336;
1,81,0.41562795639038086;
