alpha, makespan, duration;
0.25,77,0.5077459812164307;
0.5,76,0.5035426616668701;
0.75,76,0.5040171146392822;
1,76,0.483396053314209;
