alpha, makespan, duration;
0.25,83,0.5342378616333008;
0.5,83,0.5078001022338867;
0.75,83,0.49665307998657227;
1,83,0.4755430221557617;
