alpha, makespan, duration;
0.25,93,0.6605749130249023;
0.5,93,0.6584670543670654;
0.75,93,0.6524319648742676;
1,93,0.5539698600769043;
