alpha, makespan, duration;
0.25,105,0.6206598281860352;
0.5,105,0.6014299392700195;
0.75,105,0.6085100173950195;
1,102,0.5476479530334473;
