alpha, makespan, duration;
0.25,88,0.49692225456237793;
0.5,88,0.5047359466552734;
0.75,88,0.5019903182983398;
1,88,0.46083903312683105;
