alpha, makespan, duration;
0.25,85,0.5505738258361816;
0.5,85,0.5579478740692139;
0.75,85,0.5610029697418213;
1,85,0.5353050231933594;
