alpha, makespan, duration;
0.25,97,0.5490207672119141;
0.5,97,0.5528209209442139;
0.75,97,0.5789756774902344;
1,97,0.613692045211792;
