alpha, makespan, duration;
0.25,84,0.4664802551269531;
0.5,84,0.4502720832824707;
0.75,84,0.44801902770996094;
1,84,0.4821329116821289;
