alpha, makespan, duration;
0.25,87,0.5096309185028076;
0.5,87,0.4954228401184082;
0.75,87,0.522907018661499;
1,87,0.47845005989074707;
