alpha, makespan, duration;
0.25,104,0.7718899250030518;
0.5,104,0.7611939907073975;
0.75,104,0.7614309787750244;
1,104,0.6644628047943115;
