alpha, makespan, duration;
0.25,91,0.5164682865142822;
0.5,91,0.5309460163116455;
0.75,91,0.531876802444458;
1,91,0.5408949851989746;
