alpha, makespan, duration;
0.25,84,0.5083198547363281;
0.5,84,0.5123293399810791;
0.75,84,0.5031290054321289;
1,84,0.48421502113342285;
