alpha, makespan, duration;
0.25,90,0.5052628517150879;
0.5,90,0.5009438991546631;
0.75,90,0.4893519878387451;
1,90,0.48760294914245605;
