alpha, makespan, duration;
0.25,83,0.5226941108703613;
0.5,83,0.5157110691070557;
0.75,83,0.5048079490661621;
1,83,0.46080803871154785;
