alpha, makespan, duration;
0.25,90,0.5691683292388916;
0.5,90,0.5699172019958496;
0.75,90,0.5816409587860107;
1,90,0.5635991096496582;
