alpha, makespan, duration;
0.25,91,0.5584847927093506;
0.5,94,0.5741798877716064;
0.75,91,0.562798023223877;
1,91,0.5314650535583496;
