alpha, makespan, duration;
0.25,69,0.5310909748077393;
0.5,69,0.5357880592346191;
0.75,69,0.545975923538208;
1,69,0.4693939685821533;
