alpha, makespan, duration;
0.25,94,0.5602471828460693;
0.5,94,0.5508849620819092;
0.75,94,0.5502569675445557;
1,94,0.5306570529937744;
