alpha, makespan, duration;
0.25,97,0.6083738803863525;
0.5,97,0.6030471324920654;
0.75,97,0.5904581546783447;
1,97,0.5643870830535889;
