alpha, makespan, duration;
0.25,121,0.6677019596099854;
0.5,121,0.6658167839050293;
0.75,121,0.6818721294403076;
1,121,0.6429800987243652;
