alpha, makespan, duration;
0.25,89,0.741595983505249;
0.5,85,0.6768121719360352;
0.75,79,0.6455559730529785;
1,78,0.5771257877349854;
