alpha, makespan, duration;
0.25,72,0.5108530521392822;
0.5,72,0.5097019672393799;
0.75,72,0.49984002113342285;
1,72,0.47307419776916504;
