alpha, makespan, duration;
0.25,77,0.5358471870422363;
0.5,77,0.5311470031738281;
0.75,77,0.5479726791381836;
1,77,0.5289120674133301;
