alpha, makespan, duration;
0.25,94,0.5732660293579102;
0.5,94,0.5664029121398926;
0.75,94,0.5634949207305908;
1,94,0.5148038864135742;
