alpha, makespan, duration;
0.25,91,0.5517089366912842;
0.5,91,0.5325801372528076;
0.75,91,0.5372071266174316;
1,91,0.5501081943511963;
