alpha, makespan, duration;
0.25,82,0.5090739727020264;
0.5,82,0.4950568675994873;
0.75,82,0.49736595153808594;
1,82,0.4844789505004883;
