alpha, makespan, duration;
0.25,92,0.6439642906188965;
0.5,91,0.6591911315917969;
0.75,91,0.6422789096832275;
1,94,0.6018152236938477;
