alpha, makespan, duration;
0.25,77,0.5735690593719482;
0.5,77,0.5552201271057129;
0.75,77,0.5555887222290039;
1,77,0.5020608901977539;
