alpha, makespan, duration;
0.25,78,0.541363000869751;
0.5,78,0.543220043182373;
0.75,78,0.5260937213897705;
1,78,0.4758939743041992;
