alpha, makespan, duration;
0.25,77,0.46653294563293457;
0.5,77,0.4685659408569336;
0.75,77,0.47391414642333984;
1,77,0.47728896141052246;
