alpha, makespan, duration;
0.25,86,0.5221400260925293;
0.5,86,0.5134828090667725;
0.75,86,0.5171241760253906;
1,86,0.48911595344543457;
