alpha, makespan, duration;
0.25,100,1.8714570999145508;
0.5,100,1.3847899436950684;
0.75,100,1.0627598762512207;
1,100,2.262153148651123;
