alpha, makespan, duration;
0.25,97,0.5585958957672119;
0.5,97,0.5572612285614014;
0.75,97,0.5599160194396973;
1,97,0.5545370578765869;
