alpha, makespan, duration;
0.25,81,0.5194790363311768;
0.5,81,0.5038089752197266;
0.75,81,0.5090632438659668;
1,81,0.46631312370300293;
