alpha, makespan, duration;
0.25,88,0.6761929988861084;
0.5,88,0.7612993717193604;
0.75,88,0.6785562038421631;
1,88,0.6177771091461182;
