alpha, makespan, duration;
0.25,103,0.8705341815948486;
0.5,103,1.3843591213226318;
0.75,103,0.6055469512939453;
1,103,1.1588847637176514;
