alpha, makespan, duration;
0.25,85,0.5071420669555664;
0.5,85,0.5032548904418945;
0.75,85,0.49950623512268066;
1,85,0.5123109817504883;
