alpha, makespan, duration;
0.25,71,0.3750028610229492;
0.5,71,0.3862590789794922;
0.75,71,0.3747529983520508;
1,71,0.35123395919799805;
