alpha, makespan, duration;
0.25,85,0.5887470245361328;
0.5,85,0.5921039581298828;
0.75,84,0.5803830623626709;
1,87,0.5450701713562012;
