alpha, makespan, duration;
0.25,102,0.5871541500091553;
0.5,102,0.5929250717163086;
0.75,102,0.5944769382476807;
1,102,0.5486936569213867;
