alpha, makespan, duration;
0.25,80,0.652630090713501;
0.5,80,0.7169280052185059;
0.75,80,0.7031600475311279;
1,80,0.6292290687561035;
