alpha, makespan, duration;
0.25,93,0.431185245513916;
0.5,93,0.4473876953125;
0.75,93,0.4653770923614502;
1,93,0.4849889278411865;
