alpha, makespan, duration;
0.25,82,0.50972580909729;
0.5,82,0.5027000904083252;
0.75,82,0.48732686042785645;
1,82,0.4610750675201416;
