alpha, makespan, duration;
0.25,88,0.5415408611297607;
0.5,88,0.5297839641571045;
0.75,88,0.5338230133056641;
1,88,0.48801422119140625;
