alpha, makespan, duration;
0.25,86,0.5072109699249268;
0.5,86,0.5315659046173096;
0.75,86,0.5126137733459473;
1,86,0.5166120529174805;
