alpha, makespan, duration;
0.25,87,0.5187420845031738;
0.5,87,0.509880781173706;
0.75,87,0.5190541744232178;
1,87,0.4971272945404053;
