alpha, makespan, duration;
0.25,97,0.5179061889648438;
0.5,97,0.5165920257568359;
0.75,97,0.501683235168457;
1,97,0.4723970890045166;
