alpha, makespan, duration;
0.25,88,0.5069859027862549;
0.5,88,0.5075249671936035;
0.75,88,0.5240278244018555;
1,88,0.4827558994293213;
