alpha, makespan, duration;
0.25,93,0.570990800857544;
0.5,93,0.5729568004608154;
0.75,93,0.5667448043823242;
1,93,0.5664620399475098;
