alpha, makespan, duration;
0.25,81,0.4725461006164551;
0.5,81,0.48995089530944824;
0.75,81,0.48865413665771484;
1,81,0.4619426727294922;
