alpha, makespan, duration;
0.25,83,0.5646867752075195;
0.5,83,0.539247989654541;
0.75,83,0.5404222011566162;
1,83,0.5174891948699951;
