alpha, makespan, duration;
0.25,96,0.6098361015319824;
0.5,96,0.5844399929046631;
0.75,97,0.5866849422454834;
1,92,0.5104629993438721;
