alpha, makespan, duration;
0.25,80,0.4844818115234375;
0.5,80,0.4808530807495117;
0.75,80,0.48201775550842285;
1,80,0.4849128723144531;
