alpha, makespan, duration;
0.25,89,0.549558162689209;
0.5,89,0.557560920715332;
0.75,89,0.5552890300750732;
1,89,0.5209231376647949;
