alpha, makespan, duration;
0.25,127,0.940446138381958;
0.5,127,0.9189150333404541;
0.75,127,0.8963971138000488;
1,127,0.8381607532501221;
