alpha, makespan, duration;
0.25,77,0.38719797134399414;
0.5,76,0.3994181156158447;
0.75,77,0.3879506587982178;
1,76,0.3882908821105957;
