alpha, makespan, duration;
0.25,96,0.5227789878845215;
0.5,96,0.5097119808197021;
0.75,96,0.4991309642791748;
1,96,0.48155760765075684;
