alpha, makespan, duration;
0.25,98,0.5864419937133789;
0.5,98,0.5565509796142578;
0.75,98,0.5467002391815186;
1,98,0.5213828086853027;
