alpha, makespan, duration;
0.25,98,0.5460898876190186;
0.5,98,0.5459961891174316;
0.75,98,0.5554111003875732;
1,97,0.5016598701477051;
