alpha, makespan, duration;
0.25,73,0.5692958831787109;
0.5,73,0.5729269981384277;
0.75,73,0.5677433013916016;
1,73,0.49514293670654297;
