alpha, makespan, duration;
0.25,84,0.5345957279205322;
0.5,84,0.5343496799468994;
0.75,84,0.5275828838348389;
1,84,0.4670579433441162;
