alpha, makespan, duration;
0.25,117,0.6723859310150146;
0.5,117,0.6483280658721924;
0.75,117,0.6583547592163086;
1,117,0.6662037372589111;
