alpha, makespan, duration;
0.25,85,0.524921178817749;
0.5,85,0.5306036472320557;
0.75,85,0.5308659076690674;
1,85,0.4838709831237793;
