alpha, makespan, duration;
0.25,90,0.5719881057739258;
0.5,91,0.572951078414917;
0.75,90,0.6149539947509766;
1,89,0.5377070903778076;
