alpha, makespan, duration;
0.25,92,0.5200300216674805;
0.5,92,0.5274190902709961;
0.75,92,0.5272672176361084;
1,92,0.4940009117126465;
