alpha, makespan, duration;
0.25,81,0.5174329280853271;
0.5,81,0.5296080112457275;
0.75,81,0.5279591083526611;
1,81,0.5028281211853027;
