alpha, makespan, duration;
0.25,84,0.48773789405822754;
0.5,84,0.5092799663543701;
0.75,80,0.5105559825897217;
1,80,0.5059549808502197;
