alpha, makespan, duration;
0.25,77,0.72015380859375;
0.5,77,0.7430429458618164;
0.75,77,0.7338359355926514;
1,77,0.6283359527587891;
