alpha, makespan, duration;
0.25,123,0.5857682228088379;
0.5,119,0.5840811729431152;
0.75,116,0.582679033279419;
1,118,0.5198118686676025;
