alpha, makespan, duration;
0.25,89,0.486177921295166;
0.5,87,0.4870588779449463;
0.75,87,0.47189879417419434;
1,87,0.5057649612426758;
