alpha, makespan, duration;
0.25,97,0.6479101181030273;
0.5,97,0.6518549919128418;
0.75,97,0.613142728805542;
1,97,0.5759978294372559;
