alpha, makespan, duration;
0.25,109,0.6480710506439209;
0.5,109,0.6580591201782227;
0.75,109,0.6454601287841797;
1,109,0.6353309154510498;
