alpha, makespan, duration;
0.25,68,0.45200395584106445;
0.5,68,0.4469258785247803;
0.75,68,0.4408137798309326;
1,68,0.37670397758483887;
