alpha, makespan, duration;
0.25,95,0.5576269626617432;
0.5,95,0.5491461753845215;
0.75,95,0.5457720756530762;
1,95,0.4955580234527588;
