alpha, makespan, duration;
0.25,93,0.5600371360778809;
0.5,93,0.5543100833892822;
0.75,93,0.5573699474334717;
1,93,0.49947690963745117;
