alpha, makespan, duration;
0.25,77,0.5027451515197754;
0.5,77,0.5078918933868408;
0.75,77,0.5094330310821533;
1,77,0.4869081974029541;
