alpha, makespan, duration;
0.25,89,0.5497729778289795;
0.5,89,0.54581618309021;
0.75,89,0.5540518760681152;
1,89,0.5307888984680176;
