alpha, makespan, duration;
0.25,93,0.5181429386138916;
0.5,93,0.5153312683105469;
0.75,93,0.8940820693969727;
1,93,0.6120219230651855;
