alpha, makespan, duration;
0.25,86,0.4912271499633789;
0.5,86,0.48541712760925293;
0.75,86,0.4890620708465576;
1,86,0.47191691398620605;
