alpha, makespan, duration;
0.25,102,0.49334716796875;
0.5,105,0.4966442584991455;
0.75,105,0.5059731006622314;
1,101,0.49360013008117676;
