alpha, makespan, duration;
0.25,83,0.525352954864502;
0.5,83,0.5149240493774414;
0.75,83,0.5029330253601074;
1,83,0.47197508811950684;
