alpha, makespan, duration;
0.25,88,0.5416157245635986;
0.5,88,0.5495619773864746;
0.75,88,0.538762092590332;
1,88,0.5186822414398193;
