alpha, makespan, duration;
0.25,78,0.514819860458374;
0.5,78,0.4926729202270508;
0.75,78,0.4934239387512207;
1,78,0.4607527256011963;
