alpha, makespan, duration;
0.25,88,0.5484130382537842;
0.5,88,0.5529518127441406;
0.75,88,0.5521640777587891;
1,88,0.5194840431213379;
