alpha, makespan, duration;
0.25,74,0.524040937423706;
0.5,74,0.5312271118164062;
0.75,74,0.5267751216888428;
1,74,0.48213982582092285;
