alpha, makespan, duration;
0.25,91,0.5418357849121094;
0.5,91,0.5467100143432617;
0.75,91,0.5357251167297363;
1,91,0.5052039623260498;
