alpha, makespan, duration;
0.25,98,0.7831943035125732;
0.5,98,0.7929091453552246;
0.75,98,0.804401159286499;
1,98,0.7861249446868896;
