alpha, makespan, duration;
0.25,88,0.5192420482635498;
0.5,88,0.5153892040252686;
0.75,88,0.5093600749969482;
1,88,0.4783918857574463;
