alpha, makespan, duration;
0.25,89,0.5678880214691162;
0.5,89,0.5855057239532471;
0.75,89,0.5858747959136963;
1,89,0.4875452518463135;
