alpha, makespan, duration;
0.25,86,0.5519101619720459;
0.5,86,0.5470361709594727;
0.75,86,0.5484919548034668;
1,86,0.5310370922088623;
