alpha, makespan, duration;
0.25,111,0.5896167755126953;
0.5,111,0.5830597877502441;
0.75,111,0.5726327896118164;
1,111,0.5605747699737549;
