alpha, makespan, duration;
0.25,78,0.6370222568511963;
0.5,78,0.6366989612579346;
0.75,78,0.7181971073150635;
1,78,0.5853137969970703;
