alpha, makespan, duration;
0.25,82,0.4692568778991699;
0.5,82,0.4763362407684326;
0.75,82,0.4842381477355957;
1,82,0.4874441623687744;
