alpha, makespan, duration;
0.25,87,0.5848078727722168;
0.5,87,0.5715808868408203;
0.75,87,0.581261157989502;
1,88,0.5167081356048584;
