alpha, makespan, duration;
0.25,86,0.4766836166381836;
0.5,86,0.48286986351013184;
0.75,86,0.48703503608703613;
1,86,0.4702630043029785;
