alpha, makespan, duration;
0.25,109,0.6388602256774902;
0.5,109,0.6384289264678955;
0.75,109,0.6408321857452393;
1,109,0.5989270210266113;
