alpha, makespan, duration;
0.25,81,0.5165081024169922;
0.5,81,0.5351197719573975;
0.75,81,0.5133037567138672;
1,81,0.4756889343261719;
