alpha, makespan, duration;
0.25,104,0.562028169631958;
0.5,101,0.5647943019866943;
0.75,103,0.57790207862854;
1,99,0.5424346923828125;
