alpha, makespan, duration;
0.25,98,0.6074209213256836;
0.5,98,0.5821928977966309;
0.75,98,0.5710420608520508;
1,98,0.5488340854644775;
