alpha, makespan, duration;
0.25,86,0.5423526763916016;
0.5,86,0.5400340557098389;
0.75,86,0.5427141189575195;
1,86,0.4807610511779785;
