alpha, makespan, duration;
0.25,97,0.6543700695037842;
0.5,97,0.6477890014648438;
0.75,97,0.6086301803588867;
1,97,0.6190671920776367;
