alpha, makespan, duration;
0.25,100,0.6310698986053467;
0.5,98,0.5684859752655029;
0.75,97,0.5712730884552002;
1,97,0.5307788848876953;
