alpha, makespan, duration;
0.25,82,0.4973111152648926;
0.5,82,0.49932217597961426;
0.75,82,0.524846076965332;
1,82,0.5195348262786865;
