alpha, makespan, duration;
0.25,96,0.569831371307373;
0.5,96,0.5617420673370361;
0.75,96,0.575416088104248;
1,96,0.5851349830627441;
