alpha, makespan, duration;
0.25,88,0.6351292133331299;
0.5,88,0.6116762161254883;
0.75,84,0.6073641777038574;
1,84,0.5399088859558105;
