alpha, makespan, duration;
0.25,69,0.3889780044555664;
0.5,69,0.3801701068878174;
0.75,69,0.38036298751831055;
1,69,0.3721809387207031;
