alpha, makespan, duration;
0.25,110,1.1886460781097412;
0.5,110,1.559908151626587;
0.75,110,1.143075704574585;
1,110,1.1810081005096436;
