alpha, makespan, duration;
0.25,94,0.5719289779663086;
0.5,94,0.5819110870361328;
0.75,94,0.5855488777160645;
1,94,0.5729291439056396;
