alpha, makespan, duration;
0.25,108,0.7047648429870605;
0.5,108,0.6997008323669434;
0.75,108,0.6962118148803711;
1,108,0.6894488334655762;
