alpha, makespan, duration;
0.25,84,0.5309150218963623;
0.5,84,0.5361547470092773;
0.75,84,0.5159909725189209;
1,84,0.5052380561828613;
