alpha, makespan, duration;
0.25,103,0.6158308982849121;
0.5,103,0.6012887954711914;
0.75,103,0.5974020957946777;
1,103,0.6012392044067383;
