alpha, makespan, duration;
0.25,116,0.6928920745849609;
0.5,117,0.6874520778656006;
0.75,117,0.6719491481781006;
1,115,0.6760909557342529;
