alpha, makespan, duration;
0.25,88,0.8209240436553955;
0.5,87,1.4820029735565186;
0.75,87,0.8187048435211182;
1,87,0.5643880367279053;
