alpha, makespan, duration;
0.25,101,0.6643772125244141;
0.5,101,0.6664810180664062;
0.75,101,0.6509079933166504;
1,101,0.6398630142211914;
