alpha, makespan, duration;
0.25,98,0.6941368579864502;
0.5,98,0.6764557361602783;
0.75,98,0.6805477142333984;
1,98,0.6008272171020508;
