alpha, makespan, duration;
0.25,88,0.6136658191680908;
0.5,88,0.6051199436187744;
0.75,87,0.6073570251464844;
1,88,0.5996232032775879;
