alpha, makespan, duration;
0.25,89,0.548893928527832;
0.5,89,0.5509340763092041;
0.75,89,0.5447990894317627;
1,89,0.5114309787750244;
