alpha, makespan, duration;
0.25,100,0.620042085647583;
0.5,100,0.6131300926208496;
0.75,100,0.6083073616027832;
1,100,0.5717082023620605;
