alpha, makespan, duration;
0.25,84,0.5819330215454102;
0.5,84,0.6296768188476562;
0.75,84,0.6208651065826416;
1,84,0.551069974899292;
