alpha, makespan, duration;
0.25,124,0.7991909980773926;
0.5,122,0.7904911041259766;
0.75,120,0.7735700607299805;
1,120,0.7116999626159668;
