alpha, makespan, duration;
0.25,79,0.5434370040893555;
0.5,79,0.5517730712890625;
0.75,79,0.5576751232147217;
1,78,0.5316798686981201;
