alpha, makespan, duration;
0.25,79,0.7276968955993652;
0.5,79,0.949246883392334;
0.75,79,2.076906204223633;
1,79,0.9099268913269043;
