alpha, makespan, duration;
0.25,77,0.7949428558349609;
0.5,77,0.8156909942626953;
0.75,77,0.961721658706665;
1,77,0.6142528057098389;
