alpha, makespan, duration;
0.25,82,0.5704348087310791;
0.5,82,0.5744509696960449;
0.75,82,0.5755147933959961;
1,82,0.5396878719329834;
