alpha, makespan, duration;
0.25,103,0.6751539707183838;
0.5,103,0.6782948970794678;
0.75,103,0.6847312450408936;
1,103,0.596987247467041;
