alpha, makespan, duration;
0.25,85,0.5793328285217285;
0.5,85,0.5839271545410156;
0.75,85,0.5888409614562988;
1,85,0.5864062309265137;
