alpha, makespan, duration;
0.25,80,0.687737226486206;
0.5,80,0.6778812408447266;
0.75,80,0.6877238750457764;
1,80,0.6454851627349854;
