alpha, makespan, duration;
0.25,86,0.5846641063690186;
0.5,86,0.6455478668212891;
0.75,86,0.6358671188354492;
1,86,0.5613820552825928;
