alpha, makespan, duration;
0.25,83,0.5705089569091797;
0.5,83,0.5399670600891113;
0.75,83,0.6069021224975586;
1,83,0.5491499900817871;
