alpha, makespan, duration;
0.25,103,0.6642370223999023;
0.5,103,0.6642739772796631;
0.75,103,0.6511411666870117;
1,103,0.605618953704834;
