alpha, makespan, duration;
0.25,77,0.4350919723510742;
0.5,77,0.4363667964935303;
0.75,76,0.43613600730895996;
1,76,0.4227721691131592;
