alpha, makespan, duration;
0.25,102,0.8761353492736816;
0.5,101,0.8930020332336426;
0.75,101,0.8891489505767822;
1,103,0.7286739349365234;
