alpha, makespan, duration;
0.25,88,0.6881160736083984;
0.5,88,0.6936790943145752;
0.75,88,0.7209672927856445;
1,85,0.636911153793335;
