alpha, makespan, duration;
0.25,109,0.688281774520874;
0.5,108,0.6755321025848389;
0.75,108,0.6880769729614258;
1,102,0.6536200046539307;
