alpha, makespan, duration;
0.25,94,0.5445718765258789;
0.5,94,0.5655069351196289;
0.75,94,0.554084062576294;
1,94,0.5045509338378906;
