alpha, makespan, duration;
0.25,88,0.5067410469055176;
0.5,88,0.5052611827850342;
0.75,88,0.5108201503753662;
1,88,0.5008790493011475;
