alpha, makespan, duration;
0.25,88,0.4423539638519287;
0.5,88,0.4395909309387207;
0.75,88,0.41501379013061523;
1,88,0.4279780387878418;
