alpha, makespan, duration;
0.25,103,0.5700650215148926;
0.5,103,0.5570509433746338;
0.75,103,0.5605630874633789;
1,103,0.5295848846435547;
