alpha, makespan, duration;
0.25,83,0.5933921337127686;
0.5,83,0.6045150756835938;
0.75,83,0.5814471244812012;
1,83,0.5399050712585449;
