alpha, makespan, duration;
0.25,84,0.5943639278411865;
0.5,83,0.5864472389221191;
0.75,83,0.573969841003418;
1,83,0.5408260822296143;
