alpha, makespan, duration;
0.25,98,0.6111099720001221;
0.5,98,0.6017601490020752;
0.75,98,0.5909402370452881;
1,98,0.5499110221862793;
