alpha, makespan, duration;
0.25,100,0.6405909061431885;
0.5,100,0.6400449275970459;
0.75,100,0.6145031452178955;
1,100,0.6128010749816895;
