alpha, makespan, duration;
0.25,91,0.5539898872375488;
0.5,91,0.5349471569061279;
0.75,91,0.5320088863372803;
1,91,0.4840431213378906;
