alpha, makespan, duration;
0.25,87,0.6620049476623535;
0.5,87,0.6916890144348145;
0.75,87,0.6920630931854248;
1,87,0.6666538715362549;
