alpha, makespan, duration;
0.25,79,0.5079221725463867;
0.5,79,0.4964778423309326;
0.75,79,0.4961972236633301;
1,79,0.44479799270629883;
