alpha, makespan, duration;
0.25,86,0.5479321479797363;
0.5,86,0.5540640354156494;
0.75,86,0.5582089424133301;
1,86,0.5598709583282471;
