alpha, makespan, duration;
0.25,80,0.6348452568054199;
0.5,80,0.6293210983276367;
0.75,80,0.6175670623779297;
1,80,0.48127007484436035;
