alpha, makespan, duration;
0.25,77,0.5438170433044434;
0.5,77,0.5411708354949951;
0.75,77,0.5500268936157227;
1,77,0.5165891647338867;
