alpha, makespan, duration;
0.25,92,0.8181858062744141;
0.5,92,0.9028956890106201;
0.75,92,1.4978117942810059;
1,92,0.787322998046875;
