alpha, makespan, duration;
0.25,109,0.697939395904541;
0.5,109,0.6887118816375732;
0.75,110,0.6934869289398193;
1,109,0.666579008102417;
