alpha, makespan, duration;
0.25,70,0.4626498222351074;
0.5,70,0.47037386894226074;
0.75,70,0.4607529640197754;
1,70,0.4381449222564697;
