alpha, makespan, duration;
0.25,122,0.7550048828125;
0.5,118,0.7661352157592773;
0.75,118,0.7440280914306641;
1,113,0.6830992698669434;
