alpha, makespan, duration;
0.25,62,0.4130361080169678;
0.5,62,0.4151749610900879;
0.75,62,0.4111909866333008;
1,62,0.3679521083831787;
