alpha, makespan, duration;
0.25,105,0.7831940650939941;
0.5,105,0.7820138931274414;
0.75,107,0.7913129329681396;
1,106,0.7652251720428467;
