alpha, makespan, duration;
0.25,94,0.6337258815765381;
0.5,93,0.6204729080200195;
0.75,93,0.6303348541259766;
1,93,0.6101510524749756;
