alpha, makespan, duration;
0.25,85,0.48874425888061523;
0.5,85,0.4946458339691162;
0.75,85,0.4904298782348633;
1,85,0.4335148334503174;
