alpha, makespan, duration;
0.25,105,0.5181930065155029;
0.5,105,0.5090370178222656;
0.75,105,0.5504159927368164;
1,105,0.48024702072143555;
