alpha, makespan, duration;
0.25,81,0.5168850421905518;
0.5,81,0.510822057723999;
0.75,81,0.5054941177368164;
1,81,0.47443389892578125;
