alpha, makespan, duration;
0.25,99,0.6530580520629883;
0.5,99,0.6599197387695312;
0.75,99,0.6611557006835938;
1,99,0.596369743347168;
