alpha, makespan, duration;
0.25,73,0.5241780281066895;
0.5,73,0.5261061191558838;
0.75,73,0.5168800354003906;
1,73,0.5247001647949219;
