alpha, makespan, duration;
0.25,105,0.5273380279541016;
0.5,105,0.5290172100067139;
0.75,105,0.5200321674346924;
1,105,0.5148098468780518;
