alpha, makespan, duration;
0.25,91,0.5789937973022461;
0.5,90,0.5924148559570312;
0.75,90,0.5727832317352295;
1,90,0.5831570625305176;
