alpha, makespan, duration;
0.25,82,0.6104531288146973;
0.5,82,0.616724967956543;
0.75,82,0.619938850402832;
1,82,0.5787913799285889;
