alpha, makespan, duration;
0.25,80,0.7478001117706299;
0.5,80,0.6927158832550049;
0.75,80,0.6903302669525146;
1,80,0.6875410079956055;
