alpha, makespan, duration;
0.25,115,0.6989302635192871;
0.5,115,0.733036994934082;
0.75,115,0.715756893157959;
1,115,0.6511430740356445;
