alpha, makespan, duration;
0.25,84,0.5665290355682373;
0.5,81,0.5747709274291992;
0.75,81,0.5759720802307129;
1,81,0.5468668937683105;
