alpha, makespan, duration;
0.25,87,0.6371309757232666;
0.5,86,0.6362910270690918;
0.75,86,0.613631010055542;
1,86,0.6084952354431152;
