alpha, makespan, duration;
0.25,90,0.5523183345794678;
0.5,90,0.5716102123260498;
0.75,90,0.5844111442565918;
1,90,0.5297427177429199;
