alpha, makespan, duration;
0.25,84,0.5356500148773193;
0.5,84,0.5407211780548096;
0.75,84,0.5446748733520508;
1,84,0.5552239418029785;
