alpha, makespan, duration;
0.25,84,0.5400080680847168;
0.5,84,0.5302987098693848;
0.75,84,0.5272738933563232;
1,84,0.4611630439758301;
