alpha, makespan, duration;
0.25,66,0.3800809383392334;
0.5,66,0.3781278133392334;
0.75,66,0.3840339183807373;
1,66,0.37114715576171875;
