alpha, makespan, duration;
0.25,82,0.44780421257019043;
0.5,82,0.43722009658813477;
0.75,82,0.4479410648345947;
1,82,0.4129002094268799;
