alpha, makespan, duration;
0.25,96,0.6431150436401367;
0.5,96,0.6212320327758789;
0.75,96,0.620856761932373;
1,96,0.6012539863586426;
