alpha, makespan, duration;
0.25,115,0.7280068397521973;
0.5,113,0.6977958679199219;
0.75,113,0.7177209854125977;
1,112,0.6811380386352539;
