alpha, makespan, duration;
0.25,90,0.5860531330108643;
0.5,90,0.5980081558227539;
0.75,90,0.5767359733581543;
1,90,0.5619697570800781;
