alpha, makespan, duration;
0.25,83,0.5220518112182617;
0.5,83,0.5170228481292725;
0.75,83,0.5198907852172852;
1,83,0.46813511848449707;
