alpha, makespan, duration;
0.25,105,0.6040780544281006;
0.5,108,0.6083030700683594;
0.75,105,0.5985138416290283;
1,104,0.5533521175384521;
