alpha, makespan, duration;
0.25,90,0.6712250709533691;
0.5,90,0.691608190536499;
0.75,91,0.679567813873291;
1,92,0.6699380874633789;
