alpha, makespan, duration;
0.25,85,0.556567907333374;
0.5,85,0.5776650905609131;
0.75,85,0.5707790851593018;
1,85,0.5297491550445557;
