alpha, makespan, duration;
0.25,73,0.47565293312072754;
0.5,73,0.4844968318939209;
0.75,73,0.48438405990600586;
1,73,0.4559938907623291;
