alpha, makespan, duration;
0.25,93,0.7697181701660156;
0.5,93,0.732280969619751;
0.75,99,0.7308320999145508;
1,93,0.6982080936431885;
