alpha, makespan, duration;
0.25,85,0.7192530632019043;
0.5,80,0.7595407962799072;
0.75,80,0.7333991527557373;
1,80,0.6958451271057129;
