alpha, makespan, duration;
0.25,80,0.5622379779815674;
0.5,80,0.577355146408081;
0.75,80,0.5815441608428955;
1,80,0.5532650947570801;
