alpha, makespan, duration;
0.25,101,0.65812087059021;
0.5,98,0.6144208908081055;
0.75,98,0.5678238868713379;
1,98,0.5750210285186768;
