alpha, makespan, duration;
0.25,91,0.6421470642089844;
0.5,91,0.6264438629150391;
0.75,91,0.6134090423583984;
1,90,0.5767807960510254;
