alpha, makespan, duration;
0.25,86,0.6022191047668457;
0.5,86,0.5997121334075928;
0.75,86,0.5915851593017578;
1,86,0.5580880641937256;
