alpha, makespan, duration;
0.25,102,0.7481479644775391;
0.5,102,0.8077280521392822;
0.75,102,0.7883188724517822;
1,102,0.8073639869689941;
