alpha, makespan, duration;
0.25,97,0.624762773513794;
0.5,97,0.6484947204589844;
0.75,97,0.6335940361022949;
1,97,0.5727338790893555;
