alpha, makespan, duration;
0.25,115,1.1216919422149658;
0.5,113,1.5229380130767822;
0.75,109,1.372605800628662;
1,109,2.467604398727417;
