alpha, makespan, duration;
0.25,80,0.8895969390869141;
0.5,80,1.4162850379943848;
0.75,80,0.7022850513458252;
1,80,0.6605339050292969;
