alpha, makespan, duration;
0.25,92,0.5334467887878418;
0.5,92,0.542943000793457;
0.75,92,0.5138189792633057;
1,92,0.4699723720550537;
