alpha, makespan, duration;
0.25,120,0.5956611633300781;
0.5,120,0.6053471565246582;
0.75,120,0.5987339019775391;
1,120,0.6143698692321777;
