alpha, makespan, duration;
0.25,79,0.6095702648162842;
0.5,79,0.6103081703186035;
0.75,79,0.620427131652832;
1,79,0.553184986114502;
