alpha, makespan, duration;
0.25,98,0.6080148220062256;
0.5,98,0.5892670154571533;
0.75,98,0.595980167388916;
1,98,0.5774068832397461;
