alpha, makespan, duration;
0.25,107,0.6389861106872559;
0.5,107,0.6444573402404785;
0.75,107,0.619070291519165;
1,107,0.5984959602355957;
