alpha, makespan, duration;
0.25,86,0.5780529975891113;
0.5,86,0.5879397392272949;
0.75,86,0.5796492099761963;
1,86,0.5528159141540527;
