alpha, makespan, duration;
0.25,90,0.5701301097869873;
0.5,90,0.5492739677429199;
0.75,90,0.5615639686584473;
1,90,0.541144847869873;
