alpha, makespan, duration;
0.25,72,0.3683199882507324;
0.5,72,0.3822028636932373;
0.75,72,0.39200472831726074;
1,72,0.38196682929992676;
