alpha, makespan, duration;
0.25,95,0.7072949409484863;
0.5,95,0.6966028213500977;
0.75,95,0.7111167907714844;
1,95,0.6113877296447754;
