alpha, makespan, duration;
0.25,85,0.5173509120941162;
0.5,85,0.49361586570739746;
0.75,85,0.5208699703216553;
1,85,0.4954209327697754;
