alpha, makespan, duration;
0.25,80,0.521859884262085;
0.5,80,0.5411970615386963;
0.75,80,0.5277590751647949;
1,80,0.44721484184265137;
