alpha, makespan, duration;
0.25,97,0.7562952041625977;
0.5,95,0.7675471305847168;
0.75,94,0.7857820987701416;
1,89,0.6361641883850098;
