alpha, makespan, duration;
0.25,80,0.5974280834197998;
0.5,79,0.590874195098877;
0.75,79,0.5977559089660645;
1,79,0.5674889087677002;
