alpha, makespan, duration;
0.25,105,0.883110761642456;
0.5,108,0.8984949588775635;
0.75,104,0.8887460231781006;
1,101,0.9034707546234131;
