alpha, makespan, duration;
0.25,90,0.593559980392456;
0.5,90,0.5983250141143799;
0.75,90,0.5943429470062256;
1,90,0.5758810043334961;
