alpha, makespan, duration;
0.25,105,1.0892810821533203;
0.5,105,1.1132762432098389;
0.75,105,0.8592121601104736;
1,105,1.9212980270385742;
