alpha, makespan, duration;
0.25,85,0.5972738265991211;
0.5,85,0.5698950290679932;
0.75,85,0.579970121383667;
1,85,0.544227123260498;
