alpha, makespan, duration;
0.25,118,0.8619301319122314;
0.5,114,0.8410050868988037;
0.75,109,0.8293137550354004;
1,109,0.7984120845794678;
