alpha, makespan, duration;
0.25,91,0.49952006340026855;
0.5,91,0.503119707107544;
0.75,91,0.5068719387054443;
1,91,0.47031283378601074;
