alpha, makespan, duration;
0.25,93,0.5573875904083252;
0.5,93,0.573559045791626;
0.75,93,0.5759191513061523;
1,93,0.5565900802612305;
