alpha, makespan, duration;
0.25,98,0.648097038269043;
0.5,98,0.6592330932617188;
0.75,92,0.657261848449707;
1,91,0.620919942855835;
