alpha, makespan, duration;
0.25,85,0.5746219158172607;
0.5,85,0.5818462371826172;
0.75,85,0.5721871852874756;
1,85,0.5532419681549072;
