alpha, makespan, duration;
0.25,89,0.5946359634399414;
0.5,89,0.5930366516113281;
0.75,89,0.5882680416107178;
1,89,0.5750410556793213;
