alpha, makespan, duration;
0.25,94,0.9242839813232422;
0.5,94,0.8858191967010498;
0.75,94,1.6872401237487793;
1,94,0.862238883972168;
