alpha, makespan, duration;
0.25,100,0.5778090953826904;
0.5,100,0.5828609466552734;
0.75,100,0.5810470581054688;
1,100,0.5902218818664551;
