alpha, makespan, duration;
0.25,90,0.6187891960144043;
0.5,90,0.622816801071167;
0.75,90,0.6132757663726807;
1,90,0.5557601451873779;
