alpha, makespan, duration;
0.25,99,0.9190800189971924;
0.5,99,0.9609301090240479;
0.75,99,0.6346099376678467;
1,99,0.659613847732544;
