alpha, makespan, duration;
0.25,95,0.6084809303283691;
0.5,95,0.6319830417633057;
0.75,95,0.6076769828796387;
1,95,0.585076093673706;
