alpha, makespan, duration;
0.25,68,0.5019891262054443;
0.5,68,0.5116369724273682;
0.75,68,0.5302941799163818;
1,68,0.5067930221557617;
