alpha, makespan, duration;
0.25,98,0.6300661563873291;
0.5,98,0.6250360012054443;
0.75,98,0.6287288665771484;
1,98,0.5670249462127686;
