alpha, makespan, duration;
0.25,90,0.6322238445281982;
0.5,90,0.6335389614105225;
0.75,90,0.6433200836181641;
1,90,0.6074388027191162;
