alpha, makespan, duration;
0.25,94,0.4499530792236328;
0.5,94,0.441417932510376;
0.75,94,0.4445199966430664;
1,94,0.4574239253997803;
