alpha, makespan, duration;
0.25,91,0.6428227424621582;
0.5,91,0.6424849033355713;
0.75,91,0.6481170654296875;
1,91,0.6182131767272949;
