alpha, makespan, duration;
0.25,89,0.6541917324066162;
0.5,89,0.6333699226379395;
0.75,89,0.6347432136535645;
1,89,0.5653278827667236;
