alpha, makespan, duration;
0.25,90,0.4447338581085205;
0.5,90,0.4446399211883545;
0.75,90,0.4386622905731201;
1,90,0.4239821434020996;
