alpha, makespan, duration;
0.25,93,0.4925658702850342;
0.5,93,0.475405216217041;
0.75,93,0.48320579528808594;
1,93,0.4186549186706543;
