alpha, makespan, duration;
0.25,107,0.6446616649627686;
0.5,107,0.638930082321167;
0.75,107,0.6283268928527832;
1,107,0.5970239639282227;
