alpha, makespan, duration;
0.25,115,0.6616480350494385;
0.5,115,0.6592812538146973;
0.75,115,0.6624178886413574;
1,115,0.6801238059997559;
