alpha, makespan, duration;
0.25,103,0.6845707893371582;
0.5,103,0.6849579811096191;
0.75,103,0.6847670078277588;
1,103,0.6599490642547607;
