alpha, makespan, duration;
0.25,104,1.2734119892120361;
0.5,104,1.4266371726989746;
0.75,104,2.966081142425537;
1,104,3.0134410858154297;
