alpha, makespan, duration;
0.25,101,0.8701188564300537;
0.5,101,0.8428678512573242;
0.75,101,0.8689968585968018;
1,101,0.8430361747741699;
