alpha, makespan, duration;
0.25,80,0.5455138683319092;
0.5,80,0.5409748554229736;
0.75,80,0.5537140369415283;
1,80,0.5272388458251953;
