alpha, makespan, duration;
0.25,77,0.6002180576324463;
0.5,77,0.5816361904144287;
0.75,77,0.5818221569061279;
1,77,0.5194549560546875;
