alpha, makespan, duration;
0.25,94,0.6540489196777344;
0.5,94,0.6422929763793945;
0.75,94,0.6431291103363037;
1,94,0.5814571380615234;
