alpha, makespan, duration;
0.25,87,0.5922548770904541;
0.5,86,0.5572118759155273;
0.75,86,0.5606536865234375;
1,86,0.5205078125;
