alpha, makespan, duration;
0.25,90,0.7856488227844238;
0.5,90,0.7727351188659668;
0.75,90,0.7878122329711914;
1,90,0.6959738731384277;
