alpha, makespan, duration;
0.25,82,0.5951871871948242;
0.5,82,0.5717129707336426;
0.75,82,0.568875789642334;
1,82,0.5727038383483887;
