alpha, makespan, duration;
0.25,94,0.5774719715118408;
0.5,94,0.5784103870391846;
0.75,94,0.5653619766235352;
1,94,0.5404379367828369;
