alpha, makespan, duration;
0.25,103,0.6921041011810303;
0.5,103,0.6989340782165527;
0.75,103,0.6562840938568115;
1,103,0.6231331825256348;
