alpha, makespan, duration;
0.25,92,0.5339422225952148;
0.5,92,0.532386064529419;
0.75,92,0.5414879322052002;
1,92,0.5196270942687988;
