alpha, makespan, duration;
0.25,111,0.7318050861358643;
0.5,109,0.6873180866241455;
0.75,109,0.6790530681610107;
1,109,0.6165177822113037;
