alpha, makespan, duration;
0.25,107,3.6241259574890137;
0.5,107,1.2410619258880615;
0.75,107,1.0515637397766113;
1,107,0.7441689968109131;
