alpha, makespan, duration;
0.25,92,0.733403205871582;
0.5,92,0.7885730266571045;
0.75,92,0.767988920211792;
1,92,0.7201459407806396;
