alpha, makespan, duration;
0.25,107,0.7213900089263916;
0.5,107,0.6970221996307373;
0.75,107,0.6832880973815918;
1,107,0.6964330673217773;
