alpha, makespan, duration;
0.25,83,1.124028205871582;
0.5,83,1.3533310890197754;
0.75,83,0.8054389953613281;
1,83,0.9498870372772217;
