alpha, makespan, duration;
0.25,85,0.5988650321960449;
0.5,85,0.601020097732544;
0.75,85,0.612922191619873;
1,85,0.5590262413024902;
