alpha, makespan, duration;
0.25,107,0.6587469577789307;
0.5,107,0.617293119430542;
0.75,107,0.618955135345459;
1,107,0.5846059322357178;
