alpha, makespan, duration;
0.25,96,0.700965166091919;
0.5,96,0.6810472011566162;
0.75,96,0.6976590156555176;
1,95,0.6074619293212891;
