alpha, makespan, duration;
0.25,113,0.7187819480895996;
0.5,113,0.6941909790039062;
0.75,113,0.7004959583282471;
1,113,0.6621658802032471;
