alpha, makespan, duration;
0.25,106,0.6674160957336426;
0.5,106,0.6754889488220215;
0.75,106,0.67134690284729;
1,106,0.6700410842895508;
