alpha, makespan, duration;
0.25,90,0.6365871429443359;
0.5,90,0.6186749935150146;
0.75,90,0.6499941349029541;
1,90,0.5814337730407715;
