alpha, makespan, duration;
0.25,89,0.5836939811706543;
0.5,89,0.5779261589050293;
0.75,89,0.5846061706542969;
1,89,0.5763881206512451;
