alpha, makespan, duration;
0.25,90,0.6323771476745605;
0.5,90,0.6424810886383057;
0.75,90,0.637260913848877;
1,90,0.5825836658477783;
