alpha, makespan, duration;
0.25,87,0.5711560249328613;
0.5,87,0.5721769332885742;
0.75,87,0.5718390941619873;
1,87,0.5501418113708496;
