alpha, makespan, duration;
0.25,90,0.5649569034576416;
0.5,90,0.5628979206085205;
0.75,90,0.5630919933319092;
1,90,0.5452301502227783;
