alpha, makespan, duration;
0.25,104,0.8559281826019287;
0.5,104,0.8980960845947266;
0.75,104,0.8549530506134033;
1,104,0.8668432235717773;
