alpha, makespan, duration;
0.25,93,0.6260430812835693;
0.5,93,0.6238811016082764;
0.75,93,0.6314198970794678;
1,93,0.6215710639953613;
