alpha, makespan, duration;
0.25,80,0.4251363277435303;
0.5,80,0.43050169944763184;
0.75,80,0.43313074111938477;
1,80,0.41700100898742676;
