alpha, makespan, duration;
0.25,78,0.5660889148712158;
0.5,78,0.6054201126098633;
0.75,78,0.5808730125427246;
1,78,0.5336048603057861;
