alpha, makespan, duration;
0.25,88,0.5646882057189941;
0.5,88,0.5599288940429688;
0.75,88,0.5614299774169922;
1,88,0.5741899013519287;
