alpha, makespan, duration;
0.25,99,0.6867721080780029;
0.5,99,0.7044992446899414;
0.75,99,0.6595687866210938;
1,99,0.6464359760284424;
