alpha, makespan, duration;
0.25,97,0.606191873550415;
0.5,97,0.6137721538543701;
0.75,97,0.6324930191040039;
1,97,0.6297411918640137;
