alpha, makespan, duration;
0.25,84,0.6597738265991211;
0.5,84,0.6390137672424316;
0.75,84,0.6414248943328857;
1,84,0.576779842376709;
