alpha, makespan, duration;
0.25,99,0.6364290714263916;
0.5,99,0.621009111404419;
0.75,99,0.6262609958648682;
1,99,0.5942230224609375;
