alpha, makespan, duration;
0.25,88,0.5706241130828857;
0.5,88,0.5733859539031982;
0.75,88,0.5942709445953369;
1,88,0.5527210235595703;
