alpha, makespan, duration;
0.25,76,0.53938889503479;
0.5,76,0.5366289615631104;
0.75,76,0.5326321125030518;
1,76,0.5080928802490234;
