alpha, makespan, duration;
0.25,83,0.5955471992492676;
0.5,83,0.5902040004730225;
0.75,83,0.5756940841674805;
1,83,0.5320601463317871;
