alpha, makespan, duration;
0.25,87,0.6329431533813477;
0.5,87,0.6191389560699463;
0.75,87,0.6117198467254639;
1,87,0.5535459518432617;
