alpha, makespan, duration;
0.25,86,0.5955379009246826;
0.5,86,0.583460807800293;
0.75,86,0.5862257480621338;
1,86,0.573361873626709;
