alpha, makespan, duration;
0.25,97,0.6036789417266846;
0.5,97,0.6011409759521484;
0.75,97,0.5844001770019531;
1,97,0.5826818943023682;
