alpha, makespan, duration;
0.25,84,0.5927321910858154;
0.5,84,0.5888838768005371;
0.75,84,0.6014490127563477;
1,84,0.5782017707824707;
