alpha, makespan, duration;
0.25,104,0.7094111442565918;
0.5,102,0.6877303123474121;
0.75,102,0.6903648376464844;
1,102,0.6381173133850098;
