alpha, makespan, duration;
0.25,94,0.7898738384246826;
0.5,94,0.7475180625915527;
0.75,94,0.7622199058532715;
1,94,0.6994960308074951;
