alpha, makespan, duration;
0.25,93,0.5623548030853271;
0.5,93,0.5784928798675537;
0.75,93,0.5769670009613037;
1,93,0.5745370388031006;
