alpha, makespan, duration;
0.25,106,0.6792640686035156;
0.5,106,0.6523160934448242;
0.75,106,0.6573290824890137;
1,106,0.6269369125366211;
