alpha, makespan, duration;
0.25,89,0.5923058986663818;
0.5,89,0.5777311325073242;
0.75,89,0.5822391510009766;
1,89,0.5652060508728027;
