alpha, makespan, duration;
0.25,99,0.6344609260559082;
0.5,99,0.6358110904693604;
0.75,99,0.6443619728088379;
1,99,0.579423189163208;
