alpha, makespan, duration;
0.25,92,0.6183881759643555;
0.5,92,0.6130528450012207;
0.75,92,0.6106719970703125;
1,92,0.5427091121673584;
