alpha, makespan, duration;
0.25,69,0.4862709045410156;
0.5,69,0.48548388481140137;
0.75,69,0.4966299533843994;
1,69,0.47107505798339844;
