alpha, makespan, duration;
0.25,111,0.8955798149108887;
0.5,111,0.8837168216705322;
0.75,111,0.8844547271728516;
1,111,0.8017408847808838;
