alpha, makespan, duration;
0.25,103,0.5747158527374268;
0.5,103,0.5921769142150879;
0.75,103,0.5782079696655273;
1,103,0.5946898460388184;
