alpha, makespan, duration;
0.25,87,0.6465511322021484;
0.5,87,0.6467552185058594;
0.75,87,0.643770694732666;
1,87,0.5670158863067627;
