alpha, makespan, duration;
0.25,87,0.7697081565856934;
0.5,87,0.615699052810669;
0.75,87,0.5976250171661377;
1,87,0.5874261856079102;
