alpha, makespan, duration;
0.25,84,0.541719913482666;
0.5,84,0.5790281295776367;
0.75,84,0.5670170783996582;
1,84,0.5431928634643555;
