alpha, makespan, duration;
0.25,93,0.5656061172485352;
0.5,93,0.5663242340087891;
0.75,93,0.5723011493682861;
1,93,0.5306639671325684;
