alpha, makespan, duration;
0.25,97,0.5877633094787598;
0.5,97,0.59263014793396;
0.75,97,0.5803697109222412;
1,97,0.5327539443969727;
