alpha, makespan, duration;
0.25,109,0.598891019821167;
0.5,109,0.6026687622070312;
0.75,109,0.605783224105835;
1,109,0.5708470344543457;
