alpha, makespan, duration;
0.25,106,0.6177740097045898;
0.5,106,0.6003010272979736;
0.75,106,0.6081240177154541;
1,106,0.6144320964813232;
