alpha, makespan, duration;
0.25,115,0.68532395362854;
0.5,115,0.6862697601318359;
0.75,115,0.6867921352386475;
1,115,0.6489989757537842;
