alpha, makespan, duration;
0.25,93,0.5734789371490479;
0.5,93,0.5754871368408203;
0.75,93,0.5688910484313965;
1,93,0.5504732131958008;
