alpha, makespan, duration;
0.25,96,0.6291589736938477;
0.5,96,0.6266298294067383;
0.75,96,0.596580982208252;
1,96,0.5769200325012207;
