alpha, makespan, duration;
0.25,90,0.5833330154418945;
0.5,90,0.5709700584411621;
0.75,90,0.5560450553894043;
1,90,0.5582351684570312;
