alpha, makespan, duration;
0.25,115,0.6733639240264893;
0.5,115,0.6551928520202637;
0.75,115,0.6566600799560547;
1,115,0.5889618396759033;
