alpha, makespan, duration;
0.25,75,0.5490479469299316;
0.5,75,0.5434350967407227;
0.75,75,0.5427877902984619;
1,75,0.5081911087036133;
