alpha, makespan, duration;
0.25,101,0.6290061473846436;
0.5,101,0.6335852146148682;
0.75,101,0.6382191181182861;
1,101,0.593623161315918;
