alpha, makespan, duration;
0.25,89,0.4367811679840088;
0.5,89,0.4203469753265381;
0.75,89,0.4170248508453369;
1,89,0.41379308700561523;
