alpha, makespan, duration;
0.25,94,0.6157901287078857;
0.5,94,0.5915470123291016;
0.75,94,0.5815329551696777;
1,94,0.5416009426116943;
