alpha, makespan, duration;
0.25,100,0.5958042144775391;
0.5,100,0.5983521938323975;
0.75,100,0.591357946395874;
1,100,0.5681169033050537;
