alpha, makespan, duration;
0.25,106,0.6812551021575928;
0.5,106,0.6792879104614258;
0.75,106,0.6774358749389648;
1,106,0.6096458435058594;
