alpha, makespan, duration;
0.25,89,0.5921981334686279;
0.5,89,0.5889811515808105;
0.75,89,0.5840880870819092;
1,89,0.5552189350128174;
