alpha, makespan, duration;
0.25,87,1.4500601291656494;
0.5,87,0.8571341037750244;
0.75,87,0.8585300445556641;
1,87,0.7857720851898193;
