alpha, makespan, duration;
0.25,95,0.6326780319213867;
0.5,95,0.6201648712158203;
0.75,95,0.6206729412078857;
1,95,0.5874240398406982;
