alpha, makespan, duration;
0.25,103,0.6792669296264648;
0.5,103,0.6827089786529541;
0.75,103,0.685966968536377;
1,103,0.6052188873291016;
