alpha, makespan, duration;
0.25,66,0.5634632110595703;
0.5,66,0.5759379863739014;
0.75,66,0.5613758563995361;
1,66,0.5381970405578613;
