alpha, makespan, duration;
0.25,86,0.6790359020233154;
0.5,83,0.6681239604949951;
0.75,79,0.5839259624481201;
1,78,0.5599722862243652;
