alpha, makespan, duration;
0.25,99,0.5921709537506104;
0.5,99,0.5890140533447266;
0.75,99,0.6166410446166992;
1,99,0.5860409736633301;
