alpha, makespan, duration;
0.25,75,0.5699079036712646;
0.5,75,0.5662798881530762;
0.75,75,0.5729889869689941;
1,75,0.5285820960998535;
