alpha, makespan, duration;
0.25,79,0.4364502429962158;
0.5,79,0.44208717346191406;
0.75,79,0.43151092529296875;
1,79,0.41100382804870605;
