alpha, makespan, duration;
0.25,70,0.40137720108032227;
0.5,70,0.4112558364868164;
0.75,70,0.42318296432495117;
1,70,0.43396973609924316;
