alpha, makespan, duration;
0.25,87,0.5460050106048584;
0.5,87,0.5461492538452148;
0.75,87,0.5395703315734863;
1,87,0.5641520023345947;
