alpha, makespan, duration;
0.25,81,1.0389978885650635;
0.5,81,0.8927626609802246;
0.75,81,0.5857949256896973;
1,81,0.6184589862823486;
