alpha, makespan, duration;
0.25,92,0.6126039028167725;
0.5,92,0.6121840476989746;
0.75,92,0.6153690814971924;
1,92,0.5569469928741455;
