alpha, makespan, duration;
0.25,99,0.6422309875488281;
0.5,99,0.6532509326934814;
0.75,99,0.646934986114502;
1,99,0.6152760982513428;
