alpha, makespan, duration;
0.25,77,0.5962460041046143;
0.5,78,0.6401219367980957;
0.75,78,0.8544178009033203;
1,77,0.880871057510376;
