alpha, makespan, duration;
0.25,76,0.38901615142822266;
0.5,76,0.3826863765716553;
0.75,76,0.3859541416168213;
1,78,0.40221405029296875;
