alpha, makespan, duration;
0.25,104,0.6345548629760742;
0.5,102,0.6369819641113281;
0.75,100,0.6508078575134277;
1,95,0.5650670528411865;
