alpha, makespan, duration;
0.25,81,0.44326233863830566;
0.5,81,0.45523905754089355;
0.75,82,0.4544088840484619;
1,79,0.3970491886138916;
