alpha, makespan, duration;
0.25,104,0.4881870746612549;
0.5,101,0.48276209831237793;
0.75,101,0.4862179756164551;
1,97,0.45221805572509766;
