alpha, makespan, duration;
0.25,63,0.41741418838500977;
0.5,63,0.42868614196777344;
0.75,63,0.4196138381958008;
1,63,0.40255188941955566;
