alpha, makespan, duration;
0.25,91,0.6564228534698486;
0.5,91,0.6560797691345215;
0.75,91,0.6304488182067871;
1,91,0.5875809192657471;
