alpha, makespan, duration;
0.25,82,0.447343111038208;
0.5,82,0.45495009422302246;
0.75,81,0.4424300193786621;
1,80,0.4062469005584717;
