alpha, makespan, duration;
0.25,82,0.4514598846435547;
0.5,82,0.44562196731567383;
0.75,81,0.43942904472351074;
1,83,0.4495818614959717;
