alpha, makespan, duration;
0.25,67,0.48464298248291016;
0.5,67,0.48106908798217773;
0.75,67,0.4648318290710449;
1,67,0.45151424407958984;
