alpha, makespan, duration;
0.25,87,0.4039461612701416;
0.5,87,0.4072849750518799;
0.75,87,0.3954763412475586;
1,87,0.43887996673583984;
