alpha, makespan, duration;
0.25,68,0.39285707473754883;
0.5,68,0.380108118057251;
0.75,68,0.37639498710632324;
1,68,0.3798949718475342;
