alpha, makespan, duration;
0.25,99,0.5689682960510254;
0.5,99,0.5822672843933105;
0.75,100,0.575904130935669;
1,99,0.5315430164337158;
