alpha, makespan, duration;
0.25,77,0.4606759548187256;
0.5,77,0.437000036239624;
0.75,77,0.4588909149169922;
1,77,0.4144120216369629;
