alpha, makespan, duration;
0.25,81,0.4958059787750244;
0.5,81,0.49454593658447266;
0.75,81,0.519798994064331;
1,81,0.44565320014953613;
