alpha, makespan, duration;
0.25,72,0.3945770263671875;
0.5,72,0.4095149040222168;
0.75,72,0.39333033561706543;
1,72,0.38009190559387207;
