alpha, makespan, duration;
0.25,83,0.8200750350952148;
0.5,83,0.7005159854888916;
0.75,83,1.007828950881958;
1,83,1.3178019523620605;
