alpha, makespan, duration;
0.25,96,0.6098859310150146;
0.5,96,0.609158992767334;
0.75,95,0.6088180541992188;
1,95,0.5984609127044678;
