alpha, makespan, duration;
0.25,72,0.5212860107421875;
0.5,72,0.5028021335601807;
0.75,72,0.5136232376098633;
1,72,0.48453783988952637;
