alpha, makespan, duration;
0.25,69,0.40799903869628906;
0.5,69,0.40758705139160156;
0.75,69,0.4135019779205322;
1,69,0.3815269470214844;
