alpha, makespan, duration;
0.25,100,0.4679999351501465;
0.5,99,0.47022509574890137;
0.75,99,0.4775979518890381;
1,99,0.4555552005767822;
