alpha, makespan, duration;
0.25,91,0.49415111541748047;
0.5,91,0.4969301223754883;
0.75,91,0.5028820037841797;
1,91,0.4659383296966553;
