alpha, makespan, duration;
0.25,61,0.40351319313049316;
0.5,61,0.38959217071533203;
0.75,61,0.4063107967376709;
1,61,0.384321928024292;
