alpha, makespan, duration;
0.25,84,0.4192671775817871;
0.5,84,0.420896053314209;
0.75,84,0.4214510917663574;
1,84,0.39690399169921875;
