alpha, makespan, duration;
0.25,81,0.39247798919677734;
0.5,81,0.4004678726196289;
0.75,81,0.40600109100341797;
1,81,0.3972809314727783;
