alpha, makespan, duration;
0.25,91,0.4838581085205078;
0.5,91,0.47939300537109375;
0.75,91,0.47460508346557617;
1,91,0.444303035736084;
