alpha, makespan, duration;
0.25,80,0.47188830375671387;
0.5,80,0.481799840927124;
0.75,80,0.48496508598327637;
1,80,0.43055105209350586;
