alpha, makespan, duration;
0.25,87,0.5804710388183594;
0.5,87,0.5688331127166748;
0.75,87,0.5851309299468994;
1,87,0.5657389163970947;
