alpha, makespan, duration;
0.25,89,0.39685893058776855;
0.5,89,0.3976907730102539;
0.75,89,0.5611982345581055;
1,89,0.5653200149536133;
