alpha, makespan, duration;
0.25,78,0.48531484603881836;
0.5,78,0.47563600540161133;
0.75,78,0.4747138023376465;
1,78,0.43338704109191895;
