alpha, makespan, duration;
0.25,89,0.46610307693481445;
0.5,89,0.4612088203430176;
0.75,89,0.47342896461486816;
1,89,0.4589667320251465;
