alpha, makespan, duration;
0.25,78,0.5711967945098877;
0.5,78,0.5469970703125;
0.75,78,0.5166473388671875;
1,78,0.5319979190826416;
