alpha, makespan, duration;
0.25,64,0.3892710208892822;
0.5,64,0.3823091983795166;
0.75,64,0.3926420211791992;
1,64,0.37598586082458496;
