alpha, makespan, duration;
0.25,98,0.4595022201538086;
0.5,98,0.4758169651031494;
0.75,98,0.48532724380493164;
1,98,0.436434268951416;
