alpha, makespan, duration;
0.25,78,0.4283280372619629;
0.5,78,0.4225611686706543;
0.75,78,0.43169212341308594;
1,78,0.4049348831176758;
