alpha, makespan, duration;
0.25,69,0.43069887161254883;
0.5,69,0.42024922370910645;
0.75,69,0.4237699508666992;
1,69,0.39481401443481445;
