alpha, makespan, duration;
0.25,79,0.4066600799560547;
0.5,79,0.4287569522857666;
0.75,79,0.4503748416900635;
1,79,0.41066503524780273;
