alpha, makespan, duration;
0.25,71,1.5011446475982666;
0.5,71,1.1620900630950928;
0.75,71,1.2992992401123047;
1,71,0.8526830673217773;
