alpha, makespan, duration;
0.25,97,0.5082042217254639;
0.5,97,0.5128309726715088;
0.75,97,0.5095169544219971;
1,97,0.5017809867858887;
