alpha, makespan, duration;
0.25,71,0.4250168800354004;
0.5,71,0.41200995445251465;
0.75,71,0.465101957321167;
1,71,0.42261290550231934;
