alpha, makespan, duration;
0.25,81,0.46813106536865234;
0.5,80,0.4674670696258545;
0.75,82,0.47266101837158203;
1,78,0.42995309829711914;
