alpha, makespan, duration;
0.25,82,0.48200297355651855;
0.5,83,0.4590442180633545;
0.75,83,0.4687838554382324;
1,83,0.4888780117034912;
