alpha, makespan, duration;
0.25,78,0.37758684158325195;
0.5,78,0.37619876861572266;
0.75,78,0.38018202781677246;
1,78,0.3587019443511963;
