alpha, makespan, duration;
0.25,93,1.7570021152496338;
0.5,93,1.2206330299377441;
0.75,93,1.5110280513763428;
1,93,2.18058705329895;
