alpha, makespan, duration;
0.25,87,0.4828011989593506;
0.5,77,0.4246032238006592;
0.75,76,0.4053230285644531;
1,76,0.3932170867919922;
