alpha, makespan, duration;
0.25,90,0.4436020851135254;
0.5,90,0.426450252532959;
0.75,90,0.4361259937286377;
1,90,0.39673280715942383;
