alpha, makespan, duration;
0.25,70,0.39634084701538086;
0.5,68,0.396406888961792;
0.75,68,0.40667223930358887;
1,68,0.40444207191467285;
