alpha, makespan, duration;
0.25,89,0.5913999080657959;
0.5,89,0.5862739086151123;
0.75,89,0.6249620914459229;
1,89,0.5352678298950195;
