alpha, makespan, duration;
0.25,82,0.4758110046386719;
0.5,78,0.4700191020965576;
0.75,78,0.45380616188049316;
1,81,0.42809295654296875;
