alpha, makespan, duration;
0.25,82,0.4057810306549072;
0.5,82,0.3946411609649658;
0.75,82,0.4038197994232178;
1,82,0.38564395904541016;
