alpha, makespan, duration;
0.25,56,0.048486948013305664;
0.5,56,0.04834794998168945;
0.75,56,0.04824209213256836;
1,56,0.049983978271484375;
