alpha, makespan, duration;
0.25,51,0.04970097541809082;
0.5,51,0.048535823822021484;
0.75,51,0.04793500900268555;
1,51,0.04623293876647949;
