alpha, makespan, duration;
0.25,48,0.0711359977722168;
0.5,48,0.05756807327270508;
0.75,48,0.10327816009521484;
1,48,0.0661308765411377;
