alpha, makespan, duration;
0.25,40,0.0466310977935791;
0.5,40,0.045935869216918945;
0.75,40,0.0485990047454834;
1,40,0.04675602912902832;
