alpha, makespan, duration;
0.25,44,0.05003023147583008;
0.5,44,0.04979872703552246;
0.75,44,0.0498661994934082;
1,40,0.04592704772949219;
