alpha, makespan, duration;
0.25,53,0.04721498489379883;
0.5,53,0.04929184913635254;
0.75,53,0.04657697677612305;
1,53,0.04726696014404297;
