alpha, makespan, duration;
0.25,64,0.05805182456970215;
0.5,64,0.05849003791809082;
0.75,64,0.05881905555725098;
1,64,0.05708122253417969;
