alpha, makespan, duration;
0.25,50,0.0569000244140625;
0.5,50,0.05959892272949219;
0.75,50,0.05936002731323242;
1,44,0.0583348274230957;
