alpha, makespan, duration;
0.25,58,0.06065106391906738;
0.5,58,0.056175947189331055;
0.75,58,0.05609893798828125;
1,55,0.05749988555908203;
