alpha, makespan, duration;
0.25,53,0.0642240047454834;
0.5,53,0.060144901275634766;
0.75,53,0.0601961612701416;
1,53,0.053475141525268555;
