alpha, makespan, duration;
0.25,52,0.06027483940124512;
0.5,52,0.053693294525146484;
0.75,50,0.05537915229797363;
1,50,0.05258798599243164;
