alpha, makespan, duration;
0.25,51,0.06015181541442871;
0.5,51,0.05704379081726074;
0.75,51,0.0569920539855957;
1,46,0.05715513229370117;
