alpha, makespan, duration;
0.25,47,0.04536604881286621;
0.5,47,0.04523897171020508;
0.75,47,0.04449892044067383;
1,47,0.04674196243286133;
