alpha, makespan, duration;
0.25,38,0.043007850646972656;
0.5,38,0.040805816650390625;
0.75,38,0.04241204261779785;
1,38,0.039311885833740234;
