alpha, makespan, duration;
0.25,59,0.0630941390991211;
0.5,59,0.06253790855407715;
0.75,59,0.0672142505645752;
1,59,0.06116604804992676;
