alpha, makespan, duration;
0.25,55,0.049432992935180664;
0.5,55,0.04971504211425781;
0.75,55,0.049202919006347656;
1,55,0.05068182945251465;
