alpha, makespan, duration;
0.25,47,0.046135663986206055;
0.5,47,0.04496479034423828;
0.75,47,0.04659724235534668;
1,47,0.04381418228149414;
