alpha, makespan, duration;
0.25,68,0.059594154357910156;
0.5,68,0.05977201461791992;
0.75,68,0.06286406517028809;
1,68,0.06105923652648926;
