alpha, makespan, duration;
0.25,37,0.06846213340759277;
0.5,37,0.06016206741333008;
0.75,37,0.05700802803039551;
1,37,0.05739402770996094;
