alpha, makespan, duration;
0.25,40,0.04876303672790527;
0.5,40,0.04962038993835449;
0.75,40,0.04849720001220703;
1,40,0.0475311279296875;
