alpha, makespan, duration;
0.25,57,0.048836708068847656;
0.5,57,0.050107717514038086;
0.75,57,0.049970149993896484;
1,57,0.05207991600036621;
