alpha, makespan, duration;
0.25,48,0.05595111846923828;
0.5,48,0.05317807197570801;
0.75,48,0.05188703536987305;
1,48,0.04751181602478027;
