alpha, makespan, duration;
0.25,58,0.05829572677612305;
0.5,58,0.05765986442565918;
0.75,58,0.05800175666809082;
1,49,0.05889177322387695;
