alpha, makespan, duration;
0.25,48,0.04588580131530762;
0.5,48,0.04842710494995117;
0.75,48,0.05443692207336426;
1,48,0.055493831634521484;
