alpha, makespan, duration;
0.25,67,0.06562995910644531;
0.5,67,0.06402587890625;
0.75,67,0.06368207931518555;
1,62,0.06093788146972656;
