alpha, makespan, duration;
0.25,52,0.0517730712890625;
0.5,52,0.04763197898864746;
0.75,52,0.04758286476135254;
1,52,0.04845595359802246;
