alpha, makespan, duration;
0.25,61,0.0620732307434082;
0.5,61,0.0595860481262207;
0.75,59,0.059244632720947266;
1,56,0.0585627555847168;
