alpha, makespan, duration;
0.25,72,0.06871914863586426;
0.5,72,0.06848382949829102;
0.75,71,0.06888103485107422;
1,68,0.0742337703704834;
