alpha, makespan, duration;
0.25,59,0.054025888442993164;
0.5,59,0.05294680595397949;
0.75,59,0.054559946060180664;
1,59,0.052294015884399414;
