alpha, makespan, duration;
0.25,48,0.04878091812133789;
0.5,48,0.04744100570678711;
0.75,48,0.047204017639160156;
1,48,0.04875016212463379;
