alpha, makespan, duration;
0.25,52,0.05530977249145508;
0.5,52,0.04952096939086914;
0.75,52,0.05168795585632324;
1,52,0.04770207405090332;
