alpha, makespan, duration;
0.25,48,0.08106517791748047;
0.5,56,0.08878397941589355;
0.75,56,0.08956313133239746;
1,43,0.07636404037475586;
