alpha, makespan, duration;
0.25,84,0.09333181381225586;
0.5,84,0.10706734657287598;
0.75,84,0.08219408988952637;
1,84,0.0812082290649414;
