alpha, makespan, duration;
0.25,84,0.07523012161254883;
0.5,84,0.07447695732116699;
0.75,84,0.07468485832214355;
1,83,0.07498431205749512;
