alpha, makespan, duration;
0.25,55,0.05450320243835449;
0.5,55,0.05324196815490723;
0.75,55,0.05628085136413574;
1,55,0.05764508247375488;
