alpha, makespan, duration;
0.25,55,0.05506014823913574;
0.5,55,0.05316305160522461;
0.75,55,0.05463099479675293;
1,55,0.04991006851196289;
