alpha, makespan, duration;
0.25,49,0.06252908706665039;
0.5,49,0.08297491073608398;
0.75,49,0.07371330261230469;
1,49,0.0476679801940918;
