alpha, makespan, duration;
0.25,63,0.05777716636657715;
0.5,63,0.05688023567199707;
0.75,63,0.05880999565124512;
1,63,0.0550389289855957;
