alpha, makespan, duration;
0.25,45,0.04324698448181152;
0.5,45,0.042366981506347656;
0.75,45,0.04426693916320801;
1,45,0.045562028884887695;
