alpha, makespan, duration;
0.25,59,0.04986071586608887;
0.5,59,0.04840397834777832;
0.75,59,0.048311710357666016;
1,59,0.05068206787109375;
