alpha, makespan, duration;
0.25,68,0.06216287612915039;
0.5,68,0.06475400924682617;
0.75,68,0.061979055404663086;
1,68,0.05919933319091797;
