alpha, makespan, duration;
0.25,60,0.0675818920135498;
0.5,60,0.06802082061767578;
0.75,60,0.06729578971862793;
1,54,0.06955075263977051;
