alpha, makespan, duration;
0.25,36,0.038810014724731445;
0.5,36,0.037947893142700195;
0.75,36,0.0383458137512207;
1,36,0.036479949951171875;
