alpha, makespan, duration;
0.25,35,0.04110407829284668;
0.5,35,0.04356670379638672;
0.75,35,0.041014909744262695;
1,35,0.03976106643676758;
