alpha, makespan, duration;
0.25,50,0.05739402770996094;
0.5,42,0.05468487739562988;
0.75,42,0.058377981185913086;
1,42,0.05306291580200195;
