alpha, makespan, duration;
0.25,56,0.06286501884460449;
0.5,56,0.0603640079498291;
0.75,56,0.059413909912109375;
1,56,0.06425976753234863;
