alpha, makespan, duration;
0.25,49,0.05000424385070801;
0.5,49,0.04904508590698242;
0.75,49,0.047490835189819336;
1,49,0.04608511924743652;
