alpha, makespan, duration;
0.25,42,0.055253028869628906;
0.5,42,0.0488131046295166;
0.75,42,0.056465864181518555;
1,42,0.048393964767456055;
