alpha, makespan, duration;
0.25,40,0.04621291160583496;
0.5,40,0.04246878623962402;
0.75,40,0.04185223579406738;
1,39,0.04290914535522461;
