alpha, makespan, duration;
0.25,66,0.059298038482666016;
0.5,66,0.05719804763793945;
0.75,66,0.05737900733947754;
1,66,0.05431103706359863;
