alpha, makespan, duration;
0.25,37,0.04154706001281738;
0.5,37,0.041287899017333984;
0.75,37,0.04063892364501953;
1,37,0.039987802505493164;
