alpha, makespan, duration;
0.25,39,0.038820743560791016;
0.5,39,0.04281282424926758;
0.75,39,0.04055213928222656;
1,39,0.03798985481262207;
