alpha, makespan, duration;
0.25,46,0.042704105377197266;
0.5,46,0.04071402549743652;
0.75,46,0.041417837142944336;
1,46,0.040193796157836914;
