alpha, makespan, duration;
0.25,41,0.04567670822143555;
0.5,41,0.044415950775146484;
0.75,41,0.04456496238708496;
1,41,0.04195594787597656;
