alpha, makespan, duration;
0.25,45,0.05231308937072754;
0.5,45,0.05219578742980957;
0.75,45,0.0518641471862793;
1,45,0.04623985290527344;
