alpha, makespan, duration;
0.25,47,0.055769920349121094;
0.5,47,0.05500388145446777;
0.75,47,0.056610822677612305;
1,47,0.05311894416809082;
