alpha, makespan, duration;
0.25,49,0.10853075981140137;
0.5,49,0.09935998916625977;
0.75,49,0.10224699974060059;
1,47,0.08572196960449219;
