alpha, makespan, duration;
0.25,49,0.0730140209197998;
0.5,49,0.08163189888000488;
0.75,49,0.06844902038574219;
1,49,0.07769012451171875;
