alpha, makespan, duration;
0.25,52,0.0818319320678711;
0.5,52,0.07372379302978516;
0.75,52,0.06098675727844238;
1,52,0.05437278747558594;
