alpha, makespan, duration;
0.25,51,0.053585052490234375;
0.5,51,0.05637979507446289;
0.75,51,0.05142784118652344;
1,51,0.04990530014038086;
