alpha, makespan, duration;
0.25,42,0.042665958404541016;
0.5,42,0.04301118850708008;
0.75,42,0.04226827621459961;
1,42,0.04241585731506348;
