alpha, makespan, duration;
0.25,51,0.06766605377197266;
0.5,51,0.06549191474914551;
0.75,51,0.06339788436889648;
1,46,0.05857396125793457;
