alpha, makespan, duration;
0.25,69,0.06550383567810059;
0.5,69,0.06453394889831543;
0.75,69,0.06545305252075195;
1,68,0.0652012825012207;
