alpha, makespan, duration;
0.25,48,0.063629150390625;
0.5,48,0.07350683212280273;
0.75,48,0.060693979263305664;
1,48,0.16582775115966797;
