alpha, makespan, duration;
0.25,51,0.055860042572021484;
0.5,51,0.05059099197387695;
0.75,51,0.05054831504821777;
1,51,0.0477449893951416;
