alpha, makespan, duration;
0.25,33,0.04199981689453125;
0.5,33,0.03957986831665039;
0.75,33,0.040283918380737305;
1,33,0.03655195236206055;
