alpha, makespan, duration;
0.25,44,0.0535128116607666;
0.5,44,0.05162501335144043;
0.75,44,0.05280923843383789;
1,44,0.05395197868347168;
