alpha, makespan, duration;
0.25,58,0.07594704627990723;
0.5,58,0.07716202735900879;
0.75,58,0.10061120986938477;
1,58,0.1043550968170166;
