alpha, makespan, duration;
0.25,54,0.05027413368225098;
0.5,54,0.04685521125793457;
0.75,54,0.04739117622375488;
1,54,0.04746222496032715;
