alpha, makespan, duration;
0.25,58,0.07143688201904297;
0.5,58,0.07121920585632324;
0.75,56,0.07372212409973145;
1,52,0.06704306602478027;
