alpha, makespan, duration;
0.25,45,0.046904802322387695;
0.5,45,0.04414796829223633;
0.75,45,0.04398608207702637;
1,45,0.0440058708190918;
