alpha, makespan, duration;
0.25,52,0.04805397987365723;
0.5,52,0.04904031753540039;
0.75,52,0.05201077461242676;
1,52,0.047734975814819336;
