alpha, makespan, duration;
0.25,56,0.060977935791015625;
0.5,56,0.057288169860839844;
0.75,56,0.057086944580078125;
1,53,0.04833984375;
