alpha, makespan, duration;
0.25,51,0.05648374557495117;
0.5,51,0.050801992416381836;
0.75,51,0.050427913665771484;
1,51,0.05032491683959961;
