alpha, makespan, duration;
0.25,47,0.053115129470825195;
0.5,47,0.050595998764038086;
0.75,47,0.04915499687194824;
1,47,0.04539179801940918;
