alpha, makespan, duration;
0.25,55,0.06223297119140625;
0.5,51,0.05963492393493652;
0.75,55,0.05926513671875;
1,50,0.05213308334350586;
