alpha, makespan, duration;
0.25,52,0.056533098220825195;
0.5,52,0.047443389892578125;
0.75,52,0.0491940975189209;
1,50,0.0478668212890625;
