alpha, makespan, duration;
0.25,72,0.06799530982971191;
0.5,72,0.06906008720397949;
0.75,72,0.0682671070098877;
1,62,0.06807994842529297;
