alpha, makespan, duration;
0.25,36,0.07957911491394043;
0.5,36,0.07886791229248047;
0.75,36,0.0698549747467041;
1,36,0.0643162727355957;
