alpha, makespan, duration;
0.25,51,0.05195021629333496;
0.5,51,0.04932689666748047;
0.75,51,0.04958009719848633;
1,51,0.04922795295715332;
