alpha, makespan, duration;
0.25,58,0.09145927429199219;
0.5,58,0.08651494979858398;
0.75,58,0.08541703224182129;
1,57,0.0841517448425293;
