alpha, makespan, duration;
0.25,52,0.058956146240234375;
0.5,52,0.05717301368713379;
0.75,52,0.05710721015930176;
1,52,0.04758930206298828;
