alpha, makespan, duration;
0.25,62,0.058241844177246094;
0.5,62,0.056858062744140625;
0.75,62,0.05737805366516113;
1,62,0.05578184127807617;
