alpha, makespan, duration;
0.25,55,0.06013202667236328;
0.5,54,0.05488085746765137;
0.75,54,0.05380892753601074;
1,54,0.05243992805480957;
