alpha, makespan, duration;
0.25,45,0.046022891998291016;
0.5,45,0.04167890548706055;
0.75,45,0.04060101509094238;
1,45,0.04015517234802246;
