alpha, makespan, duration;
0.25,49,0.0460963249206543;
0.5,49,0.044523000717163086;
0.75,49,0.044447898864746094;
1,49,0.043855905532836914;
