alpha, makespan, duration;
0.25,50,0.056226253509521484;
0.5,50,0.057179927825927734;
0.75,50,0.055947065353393555;
1,49,0.05245709419250488;
