alpha, makespan, duration;
0.25,48,0.046968698501586914;
0.5,48,0.04700112342834473;
0.75,48,0.04584002494812012;
1,48,0.044646263122558594;
