alpha, makespan, duration;
0.25,52,0.06513190269470215;
0.5,52,0.060967206954956055;
0.75,52,0.059310197830200195;
1,51,0.06073808670043945;
