alpha, makespan, duration;
0.25,72,0.08266997337341309;
0.5,72,0.07825899124145508;
0.75,72,0.07813000679016113;
1,69,0.07758402824401855;
