alpha, makespan, duration;
0.25,42,0.04569125175476074;
0.5,42,0.043186187744140625;
0.75,42,0.04497790336608887;
1,42,0.041527748107910156;
