alpha, makespan, duration;
0.25,45,0.05165696144104004;
0.5,45,0.050366878509521484;
0.75,45,0.05060410499572754;
1,45,0.04440498352050781;
