alpha, makespan, duration;
0.25,48,0.05101370811462402;
0.5,48,0.054914236068725586;
0.75,48,0.050102949142456055;
1,48,0.043541908264160156;
