alpha, makespan, duration;
0.25,46,0.04805779457092285;
0.5,46,0.049546003341674805;
0.75,46,0.047266244888305664;
1,46,0.044728755950927734;
