alpha, makespan, duration;
0.25,57,0.07794308662414551;
0.5,63,0.09964585304260254;
0.75,57,0.16549110412597656;
1,54,0.06388115882873535;
