alpha, makespan, duration;
0.25,35,0.1421201229095459;
0.5,35,0.0861361026763916;
0.75,35,0.09615612030029297;
1,35,0.11708211898803711;
