alpha, makespan, duration;
0.25,49,0.051113128662109375;
0.5,49,0.04992198944091797;
0.75,49,0.05138278007507324;
1,49,0.047373056411743164;
