alpha, makespan, duration;
0.25,54,0.06212902069091797;
0.5,54,0.060771942138671875;
0.75,51,0.0594172477722168;
1,49,0.05789899826049805;
