alpha, makespan, duration;
0.25,35,0.04625225067138672;
0.5,35,0.03961491584777832;
0.75,35,0.03768110275268555;
1,35,0.03588509559631348;
