alpha, makespan, duration;
0.25,35,0.0448148250579834;
0.5,35,0.043035030364990234;
0.75,35,0.041776180267333984;
1,35,0.04017806053161621;
