alpha, makespan, duration;
0.25,44,0.04512381553649902;
0.5,44,0.04297280311584473;
0.75,44,0.0435791015625;
1,44,0.041554927825927734;
