alpha, makespan, duration;
0.25,45,0.04937434196472168;
0.5,45,0.049256086349487305;
0.75,45,0.05028581619262695;
1,45,0.04622006416320801;
