alpha, makespan, duration;
0.25,57,0.05223703384399414;
0.5,57,0.0482640266418457;
0.75,57,0.04904603958129883;
1,57,0.05005502700805664;
