alpha, makespan, duration;
0.25,62,0.06283211708068848;
0.5,62,0.0678410530090332;
0.75,62,0.06310296058654785;
1,62,0.05769085884094238;
