alpha, makespan, duration;
0.25,55,0.0546870231628418;
0.5,55,0.04930686950683594;
0.75,55,0.049080848693847656;
1,55,0.048741817474365234;
