alpha, makespan, duration;
0.25,50,0.05494093894958496;
0.5,50,0.05260014533996582;
0.75,50,0.0529170036315918;
1,50,0.053835153579711914;
