alpha, makespan, duration;
0.25,44,0.045922040939331055;
0.5,44,0.04413318634033203;
0.75,44,0.04451704025268555;
1,44,0.04326224327087402;
