alpha, makespan, duration;
0.25,38,0.04870104789733887;
0.5,38,0.04307079315185547;
0.75,38,0.042973995208740234;
1,38,0.04317283630371094;
