alpha, makespan, duration;
0.25,57,0.07643580436706543;
0.5,57,0.07607007026672363;
0.75,57,0.05707740783691406;
1,57,0.05555105209350586;
