alpha, makespan, duration;
0.25,61,0.04884195327758789;
0.5,61,0.0478823184967041;
0.75,61,0.048686981201171875;
1,61,0.04818391799926758;
