alpha, makespan, duration;
0.25,56,0.06080913543701172;
0.5,56,0.05801200866699219;
0.75,56,0.05560016632080078;
1,56,0.05520009994506836;
