alpha, makespan, duration;
0.25,54,0.06657814979553223;
0.5,54,0.06628298759460449;
0.75,54,0.0698390007019043;
1,54,0.06459903717041016;
