alpha, makespan, duration;
0.25,62,0.06878113746643066;
0.5,62,0.06863212585449219;
0.75,62,0.07114315032958984;
1,62,0.06862807273864746;
