alpha, makespan, duration;
0.25,55,0.06395435333251953;
0.5,55,0.05745816230773926;
0.75,55,0.056227922439575195;
1,55,0.06110787391662598;
