alpha, makespan, duration;
0.25,64,0.07143783569335938;
0.5,64,0.06894493103027344;
0.75,64,0.06851887702941895;
1,64,0.06914520263671875;
