alpha, makespan, duration;
0.25,50,0.04993486404418945;
0.5,50,0.048834800720214844;
0.75,50,0.048451900482177734;
1,49,0.04989218711853027;
