alpha, makespan, duration;
0.25,55,0.06864809989929199;
0.5,44,0.052232980728149414;
0.75,44,0.05235791206359863;
1,44,0.0494837760925293;
