alpha, makespan, duration;
0.25,44,0.04448223114013672;
0.5,44,0.04164266586303711;
0.75,44,0.0420689582824707;
1,44,0.04204821586608887;
