alpha, makespan, duration;
0.25,50,0.057424068450927734;
0.5,50,0.056378841400146484;
0.75,50,0.059192657470703125;
1,50,0.05830812454223633;
