alpha, makespan, duration;
0.25,60,0.05699801445007324;
0.5,60,0.055470943450927734;
0.75,60,0.056593894958496094;
1,60,0.058646202087402344;
