alpha, makespan, duration;
0.25,49,0.06701779365539551;
0.5,49,0.06090807914733887;
0.75,49,0.06173992156982422;
1,49,0.05524086952209473;
