alpha, makespan, duration;
0.25,48,0.05594205856323242;
0.5,48,0.05402874946594238;
0.75,48,0.053941965103149414;
1,48,0.05283784866333008;
