alpha, makespan, duration;
0.25,57,0.06286883354187012;
0.5,57,0.06159830093383789;
0.75,57,0.06183815002441406;
1,57,0.058485984802246094;
