alpha, makespan, duration;
0.25,54,0.07590413093566895;
0.5,54,0.10057783126831055;
0.75,54,0.11784219741821289;
1,54,0.09821295738220215;
