alpha, makespan, duration;
0.25,53,0.08404111862182617;
0.5,53,0.16147398948669434;
0.75,53,0.23234772682189941;
1,53,0.14064931869506836;
