alpha, makespan, duration;
0.25,43,0.05253100395202637;
0.5,43,0.05417895317077637;
0.75,42,0.05109405517578125;
1,42,0.04472613334655762;
