alpha, makespan, duration;
0.25,58,0.06576371192932129;
0.5,58,0.062375783920288086;
0.75,58,0.06670689582824707;
1,54,0.05508923530578613;
