alpha, makespan, duration;
0.25,55,0.0645439624786377;
0.5,55,0.06294703483581543;
0.75,55,0.063446044921875;
1,54,0.06064414978027344;
