alpha, makespan, duration;
0.25,60,0.06618499755859375;
0.5,60,0.06599020957946777;
0.75,60,0.06632614135742188;
1,60,0.06475186347961426;
