alpha, makespan, duration;
0.25,44,0.08415603637695312;
0.5,44,0.10456395149230957;
0.75,44,0.0874338150024414;
1,44,0.09261178970336914;
