alpha, makespan, duration;
0.25,50,0.05140185356140137;
0.5,49,0.05648303031921387;
0.75,49,0.05956888198852539;
1,48,0.04832577705383301;
