alpha, makespan, duration;
0.25,64,0.07750177383422852;
0.5,64,0.07700824737548828;
0.75,64,0.07680416107177734;
1,64,0.07108092308044434;
