alpha, makespan, duration;
0.25,42,0.05545997619628906;
0.5,42,0.05067920684814453;
0.75,42,0.05236005783081055;
1,42,0.04483675956726074;
