alpha, makespan, duration;
0.25,48,0.05490922927856445;
0.5,48,0.05273294448852539;
0.75,48,0.05268716812133789;
1,48,0.050162315368652344;
