alpha, makespan, duration;
0.25,55,0.06051516532897949;
0.5,55,0.05620718002319336;
0.75,55,0.05584311485290527;
1,55,0.05961894989013672;
