alpha, makespan, duration;
0.25,46,0.05549502372741699;
0.5,46,0.054532766342163086;
0.75,46,0.05648994445800781;
1,51,0.05292177200317383;
