alpha, makespan, duration;
0.25,45,0.06070590019226074;
0.5,45,0.05777788162231445;
0.75,45,0.05539107322692871;
1,45,0.04989910125732422;
