alpha, makespan, duration;
0.25,59,0.0628659725189209;
0.5,59,0.06473302841186523;
0.75,59,0.06222414970397949;
1,59,0.06213712692260742;
