alpha, makespan, duration;
0.25,43,0.047155141830444336;
0.5,43,0.04679703712463379;
0.75,43,0.04623603820800781;
1,43,0.045958757400512695;
