alpha, makespan, duration;
0.25,60,0.06349802017211914;
0.5,60,0.06243419647216797;
0.75,60,0.06254911422729492;
1,60,0.06173205375671387;
