alpha, makespan, duration;
0.25,49,0.058791160583496094;
0.5,44,0.055528879165649414;
0.75,44,0.05550098419189453;
1,49,0.05938887596130371;
