alpha, makespan, duration;
0.25,41,0.05404400825500488;
0.5,41,0.053688764572143555;
0.75,41,0.05055117607116699;
1,41,0.05008196830749512;
