alpha, makespan, duration;
0.25,63,0.0723409652709961;
0.5,63,0.071685791015625;
0.75,63,0.07197833061218262;
1,63,0.06740593910217285;
