alpha, makespan, duration;
0.25,67,0.07258009910583496;
0.5,67,0.07053613662719727;
0.75,67,0.07208514213562012;
1,67,0.06999802589416504;
