alpha, makespan, duration;
0.25,48,0.06144309043884277;
0.5,48,0.061547040939331055;
0.75,48,0.06060504913330078;
1,48,0.05656719207763672;
