alpha, makespan, duration;
0.25,56,0.05842995643615723;
0.5,56,0.05665111541748047;
0.75,56,0.05583381652832031;
1,56,0.05857515335083008;
