alpha, makespan, duration;
0.25,58,0.0634608268737793;
0.5,57,0.0597689151763916;
0.75,57,0.06102705001831055;
1,57,0.05996108055114746;
