alpha, makespan, duration;
0.25,64,0.0718381404876709;
0.5,64,0.0732870101928711;
0.75,64,0.07340335845947266;
1,62,0.06881499290466309;
