alpha, makespan, duration;
0.25,46,0.08003592491149902;
0.5,46,0.12249588966369629;
0.75,46,0.3517792224884033;
1,46,0.08001494407653809;
