alpha, makespan, duration;
0.25,50,0.04941678047180176;
0.5,50,0.04877901077270508;
0.75,50,0.04904603958129883;
1,50,0.04963421821594238;
