alpha, makespan, duration;
0.25,49,0.05227184295654297;
0.5,49,0.05075788497924805;
0.75,49,0.05323505401611328;
1,49,0.050360679626464844;
