alpha, makespan, duration;
0.25,52,0.0561060905456543;
0.5,52,0.054995059967041016;
0.75,52,0.05986189842224121;
1,52,0.05722188949584961;
