alpha, makespan, duration;
0.25,45,0.05010676383972168;
0.5,45,0.04993104934692383;
0.75,45,0.049447059631347656;
1,45,0.05019783973693848;
