alpha, makespan, duration;
0.25,51,0.06126999855041504;
0.5,51,0.06385111808776855;
0.75,51,0.058460235595703125;
1,51,0.055477142333984375;
