alpha, makespan, duration;
0.25,59,0.05701088905334473;
0.5,59,0.056500911712646484;
0.75,59,0.05533003807067871;
1,52,0.05695295333862305;
