alpha, makespan, duration;
0.25,53,0.06171703338623047;
0.5,53,0.05654597282409668;
0.75,53,0.05596423149108887;
1,53,0.05898690223693848;
