alpha, makespan, duration;
0.25,63,0.0581052303314209;
0.5,63,0.05969691276550293;
0.75,63,0.05965304374694824;
1,63,0.05810379981994629;
