alpha, makespan, duration;
0.25,53,0.057962894439697266;
0.5,53,0.05860090255737305;
0.75,53,0.057356834411621094;
1,51,0.05863809585571289;
