alpha, makespan, duration;
0.25,63,0.07071828842163086;
0.5,63,0.06812906265258789;
0.75,63,0.06688690185546875;
1,63,0.06916975975036621;
