alpha, makespan, duration;
0.25,53,0.05754995346069336;
0.5,53,0.060642242431640625;
0.75,53,0.05703282356262207;
1,53,0.055481910705566406;
