alpha, makespan, duration;
0.25,52,0.057327985763549805;
0.5,52,0.056181907653808594;
0.75,52,0.055841684341430664;
1,52,0.05462503433227539;
