alpha, makespan, duration;
0.25,62,0.06097579002380371;
0.5,62,0.05947375297546387;
0.75,62,0.059928178787231445;
1,62,0.06253695487976074;
