alpha, makespan, duration;
0.25,70,0.06547307968139648;
0.5,70,0.06403279304504395;
0.75,70,0.06316685676574707;
1,70,0.06116485595703125;
