alpha, makespan, duration;
0.25,65,0.06316804885864258;
0.5,65,0.0643007755279541;
0.75,65,0.06578397750854492;
1,65,0.06586766242980957;
