alpha, makespan, duration;
0.25,74,0.07438421249389648;
0.5,74,0.07098007202148438;
0.75,74,0.07141613960266113;
1,74,0.07085704803466797;
