alpha, makespan, duration;
0.25,61,0.06633400917053223;
0.5,58,0.06536078453063965;
0.75,58,0.06552600860595703;
1,56,0.06588315963745117;
