alpha, makespan, duration;
0.25,57,0.059664011001586914;
0.5,57,0.059960126876831055;
0.75,57,0.06332015991210938;
1,54,0.06100893020629883;
