alpha, makespan, duration;
0.25,43,0.0463261604309082;
0.5,43,0.04802727699279785;
0.75,43,0.04865407943725586;
1,43,0.04477190971374512;
