alpha, makespan, duration;
0.25,52,0.0659477710723877;
0.5,52,0.05865073204040527;
0.75,52,0.05801200866699219;
1,52,0.05348515510559082;
