alpha, makespan, duration;
0.25,62,0.07161498069763184;
0.5,62,0.07461404800415039;
0.75,62,0.07887387275695801;
1,62,0.06939578056335449;
