alpha, makespan, duration;
0.25,46,0.05467486381530762;
0.5,46,0.04918813705444336;
0.75,46,0.05150103569030762;
1,46,0.04811692237854004;
