alpha, makespan, duration;
0.25,44,0.04490780830383301;
0.5,44,0.05010199546813965;
0.75,44,0.04617619514465332;
1,44,0.04506492614746094;
