alpha, makespan, duration;
0.25,42,0.049944162368774414;
0.5,42,0.04942607879638672;
0.75,42,0.04916787147521973;
1,42,0.04801797866821289;
