alpha, makespan, duration;
0.25,38,0.043515920639038086;
0.5,38,0.04484415054321289;
0.75,38,0.04542684555053711;
1,38,0.0419459342956543;
