alpha, makespan, duration;
0.25,53,0.05510973930358887;
0.5,53,0.05563092231750488;
0.75,52,0.05522584915161133;
1,53,0.05499696731567383;
