alpha, makespan, duration;
0.25,47,0.12169408798217773;
0.5,47,0.3446340560913086;
0.75,47,0.1052408218383789;
1,47,0.09304189682006836;
