alpha, makespan, duration;
0.25,49,0.05574297904968262;
0.5,49,0.05710411071777344;
0.75,49,0.054795026779174805;
1,49,0.05233287811279297;
