alpha, makespan, duration;
0.25,50,0.057943105697631836;
0.5,50,0.05866575241088867;
0.75,50,0.056902170181274414;
1,50,0.05285191535949707;
