alpha, makespan, duration;
0.25,54,0.053214311599731445;
0.5,54,0.05242013931274414;
0.75,54,0.05401110649108887;
1,54,0.05374598503112793;
