alpha, makespan, duration;
0.25,71,0.07826495170593262;
0.5,71,0.07727885246276855;
0.75,71,0.07787680625915527;
1,71,0.07455635070800781;
