alpha, makespan, duration;
0.25,51,0.05740189552307129;
0.5,46,0.053179025650024414;
0.75,45,0.0530550479888916;
1,44,0.0477747917175293;
