alpha, makespan, duration;
0.25,43,0.06078314781188965;
0.5,43,0.05206298828125;
0.75,42,0.04714608192443848;
1,42,0.04548525810241699;
