alpha, makespan, duration;
0.25,39,0.06679892539978027;
0.5,39,0.06654500961303711;
0.75,39,0.21945595741271973;
1,39,0.11739277839660645;
