alpha, makespan, duration;
0.25,57,0.056677818298339844;
0.5,57,0.053774118423461914;
0.75,57,0.06001996994018555;
1,57,0.0668337345123291;
