alpha, makespan, duration;
0.25,53,0.05820512771606445;
0.5,53,0.058962106704711914;
0.75,53,0.05646324157714844;
1,52,0.05323910713195801;
