alpha, makespan, duration;
0.25,67,0.07134890556335449;
0.5,67,0.07094073295593262;
0.75,67,0.06560611724853516;
1,65,0.06280922889709473;
