alpha, makespan, duration;
0.25,47,0.04933810234069824;
0.5,47,0.0503387451171875;
0.75,47,0.05026578903198242;
1,47,0.04602384567260742;
