alpha, makespan, duration;
0.25,64,0.07833600044250488;
0.5,64,0.07262468338012695;
0.75,64,0.07253599166870117;
1,64,0.07070517539978027;
