alpha, makespan, duration;
0.25,70,0.07435274124145508;
0.5,70,0.07153987884521484;
0.75,70,0.07150816917419434;
1,70,0.07105398178100586;
