alpha, makespan, duration;
0.25,39,0.053179025650024414;
0.5,39,0.04945683479309082;
0.75,39,0.04855203628540039;
1,39,0.04209399223327637;
