alpha, makespan, duration;
0.25,38,0.04426717758178711;
0.5,38,0.041999101638793945;
0.75,40,0.040405988693237305;
1,37,0.042437076568603516;
