alpha, makespan, duration;
0.25,66,0.06761908531188965;
0.5,68,0.06565666198730469;
0.75,68,0.06615710258483887;
1,65,0.06318211555480957;
