alpha, makespan, duration;
0.25,50,0.05481123924255371;
0.5,50,0.053694963455200195;
0.75,50,0.05413198471069336;
1,50,0.048725128173828125;
