alpha, makespan, duration;
0.25,41,0.06315207481384277;
0.5,41,0.0535891056060791;
0.75,41,0.04918193817138672;
1,41,0.04906797409057617;
