alpha, makespan, duration;
0.25,63,0.06738996505737305;
0.5,63,0.0664517879486084;
0.75,63,0.06637883186340332;
1,63,0.06831717491149902;
