alpha, makespan, duration;
0.25,42,0.04640793800354004;
0.5,42,0.04642891883850098;
0.75,42,0.04482889175415039;
1,42,0.051239967346191406;
