alpha, makespan, duration;
0.25,59,0.0662229061126709;
0.5,59,0.06441688537597656;
0.75,59,0.06673002243041992;
1,59,0.06267786026000977;
