alpha, makespan, duration;
0.25,51,0.06270694732666016;
0.5,51,0.06003594398498535;
0.75,51,0.06789779663085938;
1,51,0.058251142501831055;
