alpha, makespan, duration;
0.25,47,0.0483698844909668;
0.5,47,0.04595518112182617;
0.75,47,0.04701113700866699;
1,47,0.04824399948120117;
