alpha, makespan, duration;
0.25,41,0.05132794380187988;
0.5,41,0.05084085464477539;
0.75,41,0.05134296417236328;
1,41,0.048345088958740234;
