alpha, makespan, duration;
0.25,60,0.07283282279968262;
0.5,60,0.06724810600280762;
0.75,60,0.06991219520568848;
1,59,0.06444621086120605;
