alpha, makespan, duration;
0.25,50,0.05788230895996094;
0.5,50,0.05363035202026367;
0.75,50,0.054290771484375;
1,50,0.05279898643493652;
