alpha, makespan, duration;
0.25,51,0.05766701698303223;
0.5,51,0.04999399185180664;
0.75,51,0.049614667892456055;
1,51,0.04703879356384277;
