alpha, makespan, duration;
0.25,54,0.0617060661315918;
0.5,55,0.0617070198059082;
0.75,55,0.05717825889587402;
1,54,0.055216073989868164;
