alpha, makespan, duration;
0.25,64,0.07608509063720703;
0.5,64,0.06825494766235352;
0.75,59,0.06358575820922852;
1,59,0.060014963150024414;
