alpha, makespan, duration;
0.25,58,0.06455326080322266;
0.5,58,0.06337785720825195;
0.75,58,0.06675100326538086;
1,58,0.06347393989562988;
