alpha, makespan, duration;
0.25,43,0.046208858489990234;
0.5,43,0.04534411430358887;
0.75,43,0.04321718215942383;
1,43,0.03933286666870117;
