alpha, makespan, duration;
0.25,73,0.07823705673217773;
0.5,73,0.07304811477661133;
0.75,73,0.07213091850280762;
1,73,0.07074713706970215;
