alpha, makespan, duration;
0.25,42,0.04936504364013672;
0.5,42,0.04926896095275879;
0.75,41,0.04946422576904297;
1,41,0.04419684410095215;
