alpha, makespan, duration;
0.25,61,0.1112210750579834;
0.5,61,0.09260797500610352;
0.75,61,0.09305596351623535;
1,61,0.08588886260986328;
