alpha, makespan, duration;
0.25,44,0.049968719482421875;
0.5,44,0.047860145568847656;
0.75,44,0.04849505424499512;
1,44,0.04960823059082031;
