alpha, makespan, duration;
0.25,62,0.06528210639953613;
0.5,62,0.06412625312805176;
0.75,62,0.0643301010131836;
1,62,0.06110882759094238;
