alpha, makespan, duration;
0.25,58,0.06268501281738281;
0.5,58,0.05955791473388672;
0.75,58,0.06041407585144043;
1,58,0.058332204818725586;
