alpha, makespan, duration;
0.25,54,0.060665130615234375;
0.5,54,0.05587506294250488;
0.75,54,0.0565488338470459;
1,54,0.05463671684265137;
