alpha, makespan, duration;
0.25,61,0.06823611259460449;
0.5,61,0.06974506378173828;
0.75,61,0.06735706329345703;
1,61,0.06382632255554199;
