alpha, makespan, duration;
0.25,47,0.05613589286804199;
0.5,45,0.052892208099365234;
0.75,45,0.05449509620666504;
1,45,0.05207395553588867;
