alpha, makespan, duration;
0.25,51,0.059565067291259766;
0.5,51,0.05690503120422363;
0.75,51,0.055876970291137695;
1,48,0.05527687072753906;
