alpha, makespan, duration;
0.25,54,0.05987095832824707;
0.5,54,0.054696083068847656;
0.75,54,0.05452680587768555;
1,54,0.05765485763549805;
