alpha, makespan, duration;
0.25,54,0.05364680290222168;
0.5,56,0.05601310729980469;
0.75,56,0.05260014533996582;
1,53,0.054254770278930664;
