alpha, makespan, duration;
0.25,60,0.0608057975769043;
0.5,60,0.05988788604736328;
0.75,60,0.06417989730834961;
1,60,0.062165021896362305;
