alpha, makespan, duration;
0.25,66,0.08420205116271973;
0.5,66,0.08078908920288086;
0.75,66,0.08713078498840332;
1,65,0.07317090034484863;
