alpha, makespan, duration;
0.25,59,0.06478476524353027;
0.5,59,0.06472086906433105;
0.75,59,0.06289386749267578;
1,59,0.060919761657714844;
