alpha, makespan, duration;
0.25,60,0.06793594360351562;
0.5,60,0.06354308128356934;
0.75,60,0.06735420227050781;
1,60,0.06781697273254395;
