alpha, makespan, duration;
0.25,44,0.05670809745788574;
0.5,44,0.05573105812072754;
0.75,44,0.05577707290649414;
1,44,0.053488969802856445;
