alpha, makespan, duration;
0.25,50,0.11387991905212402;
0.5,50,0.10579276084899902;
0.75,50,0.10858607292175293;
1,50,0.0943448543548584;
