alpha, makespan, duration;
0.25,51,0.05383419990539551;
0.5,50,0.05271291732788086;
0.75,49,0.054633378982543945;
1,48,0.053900957107543945;
