alpha, makespan, duration;
0.25,62,0.07318401336669922;
0.5,62,0.06798219680786133;
0.75,61,0.06810760498046875;
1,61,0.06454968452453613;
