alpha, makespan, duration;
0.25,64,0.05654311180114746;
0.5,64,0.05556321144104004;
0.75,64,0.05507087707519531;
1,64,0.0548858642578125;
