alpha, makespan, duration;
0.25,66,0.07141685485839844;
0.5,66,0.06797909736633301;
0.75,66,0.06848716735839844;
1,66,0.07340574264526367;
