alpha, makespan, duration;
0.25,58,0.061302900314331055;
0.5,58,0.06067681312561035;
0.75,58,0.059036970138549805;
1,58,0.061727046966552734;
