alpha, makespan, duration;
0.25,59,0.06720685958862305;
0.5,59,0.06840395927429199;
0.75,59,0.06501412391662598;
1,59,0.06919503211975098;
