alpha, makespan, duration;
0.25,55,0.06732988357543945;
0.5,55,0.06728506088256836;
0.75,55,0.06375813484191895;
1,55,0.06653332710266113;
