alpha, makespan, duration;
0.25,50,0.056997060775756836;
0.5,50,0.05438113212585449;
0.75,50,0.055799007415771484;
1,50,0.05295085906982422;
