alpha, makespan, duration;
0.25,67,0.07316303253173828;
0.5,67,0.0716710090637207;
0.75,67,0.07072591781616211;
1,67,0.06757903099060059;
