alpha, makespan, duration;
0.25,61,0.061553239822387695;
0.5,61,0.06132793426513672;
0.75,61,0.06266999244689941;
1,61,0.05701780319213867;
