alpha, makespan, duration;
0.25,52,0.05543017387390137;
0.5,52,0.05630898475646973;
0.75,52,0.05616879463195801;
1,52,0.05620694160461426;
