alpha, makespan, duration;
0.25,55,0.055735111236572266;
0.5,55,0.05444812774658203;
0.75,55,0.054292917251586914;
1,55,0.05292797088623047;
