alpha, makespan, duration;
0.25,44,0.06568503379821777;
0.5,43,0.058435916900634766;
0.75,43,0.057892799377441406;
1,43,0.05910086631774902;
