alpha, makespan, duration;
0.25,67,0.08159112930297852;
0.5,67,0.08182311058044434;
0.75,67,0.08445477485656738;
1,67,0.07521367073059082;
