alpha, makespan, duration;
0.25,66,0.06787300109863281;
0.5,66,0.06704020500183105;
0.75,66,0.06742691993713379;
1,66,0.06387495994567871;
