alpha, makespan, duration;
0.25,59,0.07621288299560547;
0.5,59,0.07643890380859375;
0.75,59,0.07622003555297852;
1,53,0.07226085662841797;
