alpha, makespan, duration;
0.25,59,0.06821417808532715;
0.5,59,0.06830477714538574;
0.75,59,0.07079887390136719;
1,59,0.06857085227966309;
