alpha, makespan, duration;
0.25,62,0.0629429817199707;
0.5,62,0.06194186210632324;
0.75,62,0.061430931091308594;
1,62,0.0613398551940918;
