alpha, makespan, duration;
0.25,48,0.05280184745788574;
0.5,48,0.05179786682128906;
0.75,48,0.05099916458129883;
1,48,0.05240511894226074;
