alpha, makespan, duration;
0.25,74,0.0645151138305664;
0.5,74,0.06160092353820801;
0.75,74,0.06062507629394531;
1,74,0.06159806251525879;
