alpha, makespan, duration;
0.25,61,0.06738519668579102;
0.5,61,0.06795430183410645;
0.75,61,0.06775927543640137;
1,61,0.06918501853942871;
