alpha, makespan, duration;
0.25,62,0.06417989730834961;
0.5,62,0.06334304809570312;
0.75,62,0.06276607513427734;
1,62,0.05772900581359863;
