alpha, makespan, duration;
0.25,50,0.06418204307556152;
0.5,50,0.06222271919250488;
0.75,50,0.06170392036437988;
1,50,0.062317848205566406;
