alpha, makespan, duration;
0.25,55,0.06692910194396973;
0.5,55,0.06577396392822266;
0.75,55,0.06610417366027832;
1,55,0.06425881385803223;
