alpha, makespan, duration;
0.25,55,0.08527207374572754;
0.5,55,0.08591794967651367;
0.75,55,0.08574533462524414;
1,55,0.08348298072814941;
