alpha, makespan, duration;
0.25,44,0.04586911201477051;
0.5,44,0.046113014221191406;
0.75,44,0.04615497589111328;
1,44,0.04610490798950195;
