alpha, makespan, duration;
0.25,60,0.06917309761047363;
0.5,60,0.06358599662780762;
0.75,60,0.06679296493530273;
1,60,0.08013916015625;
