alpha, makespan, duration;
0.25,61,0.07829093933105469;
0.5,61,0.07976198196411133;
0.75,61,0.07708978652954102;
1,61,0.0707399845123291;
