alpha, makespan, duration;
0.25,63,0.07587885856628418;
0.5,63,0.07564115524291992;
0.75,63,0.07531499862670898;
1,63,0.06887102127075195;
