alpha, makespan, duration;
0.25,41,0.05336618423461914;
0.5,41,0.04993009567260742;
0.75,41,0.05205416679382324;
1,41,0.04749298095703125;
