alpha, makespan, duration;
0.25,59,0.08273601531982422;
0.5,59,0.08144783973693848;
0.75,59,0.08053898811340332;
1,59,0.06956601142883301;
