alpha, makespan, duration;
0.25,56,0.06864690780639648;
0.5,56,0.0698709487915039;
0.75,56,0.06696915626525879;
1,56,0.07001590728759766;
