alpha, makespan, duration;
0.25,56,0.06173896789550781;
0.5,56,0.06344485282897949;
0.75,56,0.06147623062133789;
1,56,0.055442094802856445;
