alpha, makespan, duration;
0.25,56,0.07077598571777344;
0.5,56,0.07142996788024902;
0.75,56,0.0718228816986084;
1,56,0.06778717041015625;
