alpha, makespan, duration;
0.25,62,0.08047199249267578;
0.5,62,0.07453060150146484;
0.75,62,0.07391905784606934;
1,62,0.06818938255310059;
