alpha, makespan, duration;
0.25,68,0.08346819877624512;
0.5,68,0.07973980903625488;
0.75,68,0.07960987091064453;
1,68,0.07846570014953613;
