alpha, makespan, duration;
0.25,69,0.07756710052490234;
0.5,69,0.07572412490844727;
0.75,69,0.07564282417297363;
1,68,0.07325100898742676;
