alpha, makespan, duration;
0.25,52,0.054646968841552734;
0.5,52,0.05617690086364746;
0.75,52,0.05778098106384277;
1,49,0.04665708541870117;
