alpha, makespan, duration;
0.25,44,0.059468984603881836;
0.5,44,0.06421804428100586;
0.75,44,0.08652424812316895;
1,43,0.11990499496459961;
