alpha, makespan, duration;
0.25,59,0.056565046310424805;
0.5,59,0.0550999641418457;
0.75,59,0.056056976318359375;
1,59,0.056365013122558594;
