alpha, makespan, duration;
0.25,65,0.07451987266540527;
0.5,65,0.07585906982421875;
0.75,65,0.0724341869354248;
1,65,0.07233309745788574;
