alpha, makespan, duration;
0.25,64,0.0720052719116211;
0.5,64,0.07148599624633789;
0.75,64,0.07147908210754395;
1,62,0.07317519187927246;
