alpha, makespan, duration;
0.25,55,0.07592296600341797;
0.5,52,0.07887792587280273;
0.75,52,0.08470702171325684;
1,52,0.07590103149414062;
