alpha, makespan, duration;
0.25,55,0.0759117603302002;
0.5,55,0.06784796714782715;
0.75,55,0.05854010581970215;
1,54,0.05528593063354492;
