alpha, makespan, duration;
0.25,58,0.07856988906860352;
0.5,58,0.07663106918334961;
0.75,57,0.07605481147766113;
1,54,0.06650686264038086;
