alpha, makespan, duration;
0.25,47,0.06489896774291992;
0.5,47,0.06264662742614746;
0.75,47,0.06235098838806152;
1,47,0.05598306655883789;
