alpha, makespan, duration;
0.25,54,0.0727989673614502;
0.5,54,0.07325005531311035;
0.75,54,0.07445287704467773;
1,54,0.07008790969848633;
