alpha, makespan, duration;
0.25,41,0.05105400085449219;
0.5,41,0.04991888999938965;
0.75,41,0.05816006660461426;
1,41,0.04739093780517578;
