alpha, makespan, duration;
0.25,45,0.05161595344543457;
0.5,45,0.050147056579589844;
0.75,45,0.05135011672973633;
1,45,0.04818105697631836;
