alpha, makespan, duration;
0.25,57,0.05672597885131836;
0.5,57,0.054765939712524414;
0.75,55,0.06428909301757812;
1,57,0.06496310234069824;
