alpha, makespan, duration;
0.25,58,0.06615090370178223;
0.5,58,0.06611084938049316;
0.75,58,0.06482815742492676;
1,58,0.06501102447509766;
