alpha, makespan, duration;
0.25,66,0.07943105697631836;
0.5,66,0.08353900909423828;
0.75,66,0.08381319046020508;
1,65,0.07156205177307129;
