alpha, makespan, duration;
0.25,36,0.049204111099243164;
0.5,36,0.047759056091308594;
0.75,36,0.04727983474731445;
1,36,0.04559588432312012;
