alpha, makespan, duration;
0.25,47,0.055770158767700195;
0.5,47,0.0495297908782959;
0.75,47,0.049223899841308594;
1,47,0.04863405227661133;
