alpha, makespan, duration;
0.25,51,0.05579996109008789;
0.5,51,0.05582404136657715;
0.75,51,0.05528116226196289;
1,51,0.05208396911621094;
