alpha, makespan, duration;
0.25,56,0.06514525413513184;
0.5,56,0.0682229995727539;
0.75,56,0.06382989883422852;
1,56,0.06362295150756836;
