alpha, makespan, duration;
0.25,59,0.05893707275390625;
0.5,59,0.058820247650146484;
0.75,59,0.0578618049621582;
1,59,0.05522036552429199;
