alpha, makespan, duration;
0.25,64,0.07546281814575195;
0.5,64,0.0755767822265625;
0.75,64,0.07412409782409668;
1,64,0.07056307792663574;
