alpha, makespan, duration;
0.25,64,0.08064913749694824;
0.5,64,0.0834190845489502;
0.75,64,0.08267426490783691;
1,64,0.07047915458679199;
