alpha, makespan, duration;
0.25,64,0.0817868709564209;
0.5,64,0.08182501792907715;
0.75,64,0.08634090423583984;
1,64,0.08202219009399414;
