alpha, makespan, duration;
0.25,54,0.07919788360595703;
0.5,54,0.06589388847351074;
0.75,54,0.06541299819946289;
1,54,0.062001943588256836;
