alpha, makespan, duration;
0.25,57,0.06492781639099121;
0.5,57,0.06424283981323242;
0.75,57,0.06461119651794434;
1,57,0.06903409957885742;
