alpha, makespan, duration;
0.25,55,0.060788869857788086;
0.5,55,0.05975604057312012;
0.75,55,0.059020042419433594;
1,53,0.057708024978637695;
