alpha, makespan, duration;
0.25,69,0.0595400333404541;
0.5,69,0.059515953063964844;
0.75,69,0.06108999252319336;
1,69,0.057814836502075195;
