alpha, makespan, duration;
0.25,56,0.0666801929473877;
0.5,56,0.06404829025268555;
0.75,56,0.06458687782287598;
1,55,0.06713008880615234;
