alpha, makespan, duration;
0.25,61,0.3147718906402588;
0.5,61,0.3305788040161133;
0.75,61,1.0186619758605957;
1,61,0.5502049922943115;
