alpha, makespan, duration;
0.25,54,0.0592191219329834;
0.5,54,0.062046051025390625;
0.75,54,0.05978989601135254;
1,54,0.057090044021606445;
