alpha, makespan, duration;
0.25,61,0.07938313484191895;
0.5,61,0.07500481605529785;
0.75,61,0.08512425422668457;
1,61,0.07502174377441406;
