alpha, makespan, duration;
0.25,55,0.06772613525390625;
0.5,55,0.06301188468933105;
0.75,55,0.060691118240356445;
1,55,0.057805776596069336;
