alpha, makespan, duration;
0.25,77,0.09499216079711914;
0.5,77,0.09585404396057129;
0.75,77,0.09095382690429688;
1,77,0.08517909049987793;
