alpha, makespan, duration;
0.25,63,0.07803487777709961;
0.5,63,0.0839529037475586;
0.75,63,0.10802793502807617;
1,58,0.07306766510009766;
