alpha, makespan, duration;
0.25,61,0.09903621673583984;
0.5,61,0.10273504257202148;
0.75,61,0.08833193778991699;
1,61,0.07997417449951172;
