alpha, makespan, duration;
0.25,66,0.07568120956420898;
0.5,66,0.07379627227783203;
0.75,65,0.13221406936645508;
1,63,0.09116196632385254;
