alpha, makespan, duration;
0.25,66,0.09506630897521973;
0.5,66,0.08619308471679688;
0.75,65,0.08780217170715332;
1,59,0.07537221908569336;
