alpha, makespan, duration;
0.25,46,0.060408830642700195;
0.5,46,0.056484222412109375;
0.75,46,0.05631208419799805;
1,46,0.06641793251037598;
