alpha, makespan, duration;
0.25,49,0.05382800102233887;
0.5,49,0.05023622512817383;
0.75,49,0.04971599578857422;
1,49,0.051422834396362305;
