alpha, makespan, duration;
0.25,47,0.05993509292602539;
0.5,47,0.18522286415100098;
0.75,47,0.16680192947387695;
1,47,0.19362092018127441;
