alpha, makespan, duration;
0.25,52,0.06441688537597656;
0.5,52,0.0641777515411377;
0.75,52,0.06607627868652344;
1,51,0.06087136268615723;
