alpha, makespan, duration;
0.25,58,0.06572318077087402;
0.5,58,0.06366205215454102;
0.75,58,0.06367278099060059;
1,58,0.06299018859863281;
