alpha, makespan, duration;
0.25,53,0.06096911430358887;
0.5,53,0.05422401428222656;
0.75,53,0.05706501007080078;
1,53,0.053626060485839844;
