alpha, makespan, duration;
0.25,62,0.07479310035705566;
0.5,62,0.07593011856079102;
0.75,62,0.07477283477783203;
1,62,0.07009196281433105;
