alpha, makespan, duration;
0.25,51,0.058988094329833984;
0.5,51,0.05933070182800293;
0.75,51,0.06583714485168457;
1,51,0.055478811264038086;
