alpha, makespan, duration;
0.25,54,0.06622719764709473;
0.5,54,0.06386613845825195;
0.75,54,0.06266999244689941;
1,54,0.06044316291809082;
