alpha, makespan, duration;
0.25,64,0.0766749382019043;
0.5,64,0.08142304420471191;
0.75,64,0.0779120922088623;
1,56,0.0714728832244873;
