alpha, makespan, duration;
0.25,59,0.054415225982666016;
0.5,59,0.05647706985473633;
0.75,59,0.05294227600097656;
1,59,0.052060842514038086;
