alpha, makespan, duration;
0.25,51,0.08125901222229004;
0.5,51,0.0780341625213623;
0.75,51,0.07744693756103516;
1,51,0.06468391418457031;
