alpha, makespan, duration;
0.25,41,0.19043684005737305;
0.5,41,0.05206298828125;
0.75,41,0.05038905143737793;
1,41,0.1312263011932373;
