alpha, makespan, duration;
0.25,60,0.10193204879760742;
0.5,60,0.12272381782531738;
0.75,60,0.12252211570739746;
1,60,0.11635398864746094;
