alpha, makespan, duration;
0.25,58,0.07011699676513672;
0.5,58,0.06810903549194336;
0.75,58,0.07045722007751465;
1,58,0.07112789154052734;
