alpha, makespan, duration;
0.25,58,0.06456184387207031;
0.5,58,0.06339287757873535;
0.75,58,0.06354188919067383;
1,57,0.06423687934875488;
