alpha, makespan, duration;
0.25,108,0.08728432655334473;
0.5,108,0.08305525779724121;
0.75,108,0.08253002166748047;
1,107,0.09435701370239258;
