alpha, makespan, duration;
0.25,60,0.08008193969726562;
0.5,58,0.08017897605895996;
0.75,58,0.0729830265045166;
1,62,0.06671404838562012;
