alpha, makespan, duration;
0.25,44,0.07726216316223145;
0.5,44,0.07704806327819824;
0.75,44,0.07142472267150879;
1,44,0.061434030532836914;
