alpha, makespan, duration;
0.25,60,0.06572294235229492;
0.5,60,0.06541800498962402;
0.75,60,0.06533503532409668;
1,60,0.06565093994140625;
