alpha, makespan, duration;
0.25,54,0.06251811981201172;
0.5,54,0.06435108184814453;
0.75,54,0.062017202377319336;
1,54,0.05888628959655762;
