alpha, makespan, duration;
0.25,58,0.06332182884216309;
0.5,58,0.0661470890045166;
0.75,58,0.0645897388458252;
1,55,0.06207418441772461;
