alpha, makespan, duration;
0.25,63,0.07386207580566406;
0.5,63,0.06954383850097656;
0.75,63,0.07111191749572754;
1,63,0.07261276245117188;
