alpha, makespan, duration;
0.25,59,0.06768202781677246;
0.5,59,0.0650179386138916;
0.75,59,0.06502199172973633;
1,59,0.0625920295715332;
