alpha, makespan, duration;
0.25,56,0.0648200511932373;
0.5,56,0.06193900108337402;
0.75,56,0.06182098388671875;
1,47,0.048362016677856445;
