alpha, makespan, duration;
0.25,55,0.06860995292663574;
0.5,55,0.06750702857971191;
0.75,55,0.07077479362487793;
1,55,0.06758594512939453;
