alpha, makespan, duration;
0.25,64,0.11247897148132324;
0.5,64,0.13232684135437012;
0.75,64,0.09556388854980469;
1,64,0.07210493087768555;
