alpha, makespan, duration;
0.25,60,0.0713660717010498;
0.5,60,0.06929183006286621;
0.75,60,0.06783270835876465;
1,58,0.06232619285583496;
