alpha, makespan, duration;
0.25,45,0.05230116844177246;
0.5,45,0.050924062728881836;
0.75,45,0.05008101463317871;
1,45,0.052353858947753906;
