alpha, makespan, duration;
0.25,63,0.07729887962341309;
0.5,63,0.07643008232116699;
0.75,63,0.07925796508789062;
1,63,0.07211184501647949;
