alpha, makespan, duration;
0.25,54,0.07682418823242188;
0.5,54,0.06802701950073242;
0.75,54,0.0678408145904541;
1,54,0.06213116645812988;
