alpha, makespan, duration;
0.25,55,0.07196617126464844;
0.5,55,0.06576991081237793;
0.75,55,0.07150793075561523;
1,55,0.06468582153320312;
