alpha, makespan, duration;
0.25,59,0.07609820365905762;
0.5,59,0.07331418991088867;
0.75,59,0.07207894325256348;
1,59,0.07035493850708008;
