alpha, makespan, duration;
0.25,57,0.06143522262573242;
0.5,57,0.0620121955871582;
0.75,57,0.06141209602355957;
1,57,0.06017708778381348;
