alpha, makespan, duration;
0.25,56,0.06353902816772461;
0.5,56,0.0619969367980957;
0.75,56,0.06179094314575195;
1,56,0.06085991859436035;
