alpha, makespan, duration;
0.25,58,0.0688471794128418;
0.5,58,0.06784987449645996;
0.75,58,0.0663292407989502;
1,58,0.06724405288696289;
