alpha, makespan, duration;
0.25,65,0.08212399482727051;
0.5,65,0.08299088478088379;
0.75,65,0.07978105545043945;
1,65,0.07674002647399902;
