alpha, makespan, duration;
0.25,73,0.09372782707214355;
0.5,73,0.0927431583404541;
0.75,73,0.09287905693054199;
1,66,0.08079218864440918;
