alpha, makespan, duration;
0.25,59,0.05956602096557617;
0.5,59,0.05887794494628906;
0.75,58,0.057701826095581055;
1,58,0.05706477165222168;
