alpha, makespan, duration;
0.25,66,0.08306503295898438;
0.5,66,0.07735705375671387;
0.75,66,0.07650399208068848;
1,66,0.07397913932800293;
