alpha, makespan, duration;
0.25,45,0.07615470886230469;
0.5,45,0.05710172653198242;
0.75,45,0.052085161209106445;
1,45,0.051210880279541016;
