alpha, makespan, duration;
0.25,48,0.061604976654052734;
0.5,48,0.057482242584228516;
0.75,48,0.05891895294189453;
1,48,0.05792522430419922;
