alpha, makespan, duration;
0.25,61,0.05839991569519043;
0.5,61,0.057157278060913086;
0.75,61,0.05742597579956055;
1,61,0.057399749755859375;
