alpha, makespan, duration;
0.25,68,0.10607695579528809;
0.5,68,0.09755396842956543;
0.75,68,0.09752917289733887;
1,68,0.08137226104736328;
