alpha, makespan, duration;
0.25,61,0.0699760913848877;
0.5,61,0.06969499588012695;
0.75,61,0.06973004341125488;
1,61,0.06687784194946289;
