alpha, makespan, duration;
0.25,43,0.04842185974121094;
0.5,43,0.047412872314453125;
0.75,43,0.04688572883605957;
1,43,0.05030202865600586;
