alpha, makespan, duration;
0.25,49,0.05214881896972656;
0.5,49,0.04675602912902832;
0.75,49,0.046114206314086914;
1,49,0.04868364334106445;
