alpha, makespan, duration;
0.25,39,0.05750131607055664;
0.5,39,0.06338691711425781;
0.75,39,0.06170201301574707;
1,39,0.07075190544128418;
