alpha, makespan, duration;
0.25,53,0.06754088401794434;
0.5,53,0.06805086135864258;
0.75,53,0.0742189884185791;
1,53,0.06301116943359375;
