alpha, makespan, duration;
0.25,59,0.07181096076965332;
0.5,59,0.07049393653869629;
0.75,59,0.07099509239196777;
1,59,0.0707850456237793;
