alpha, makespan, duration;
0.25,47,0.06409406661987305;
0.5,47,0.05461382865905762;
0.75,47,0.05367302894592285;
1,47,0.05328011512756348;
