alpha, makespan, duration;
0.25,54,0.07055497169494629;
0.5,54,0.0710000991821289;
0.75,54,0.06691479682922363;
1,54,0.06583929061889648;
