alpha, makespan, duration;
0.25,50,0.05415797233581543;
0.5,50,0.05430006980895996;
0.75,50,0.054984092712402344;
1,50,0.04628300666809082;
