alpha, makespan, duration;
0.25,59,0.07101702690124512;
0.5,59,0.06511116027832031;
0.75,59,0.06592702865600586;
1,59,0.09922409057617188;
