alpha, makespan, duration;
0.25,45,0.07910680770874023;
0.5,45,0.09471583366394043;
0.75,45,0.09029769897460938;
1,44,0.07442879676818848;
