alpha, makespan, duration;
0.25,58,0.06903719902038574;
0.5,58,0.0689687728881836;
0.75,58,0.06727290153503418;
1,58,0.0674278736114502;
