alpha, makespan, duration;
0.25,56,0.0520939826965332;
0.5,56,0.05094003677368164;
0.75,56,0.05011487007141113;
1,56,0.050932884216308594;
