alpha, makespan, duration;
0.25,53,0.07306385040283203;
0.5,53,0.07068324089050293;
0.75,53,0.07010102272033691;
1,53,0.06435608863830566;
