alpha, makespan, duration;
0.25,54,0.07722210884094238;
0.5,54,0.06952691078186035;
0.75,54,0.07138991355895996;
1,54,0.06786704063415527;
