alpha, makespan, duration;
0.25,51,0.0642390251159668;
0.5,51,0.06370186805725098;
0.75,51,0.061801910400390625;
1,51,0.05911970138549805;
