alpha, makespan, duration;
0.25,65,0.06659579277038574;
0.5,65,0.06691288948059082;
0.75,65,0.06648707389831543;
1,65,0.06566095352172852;
