alpha, makespan, duration;
0.25,52,0.05766797065734863;
0.5,52,0.05706024169921875;
0.75,52,0.05670595169067383;
1,52,0.05774807929992676;
