alpha, makespan, duration;
0.25,60,0.0713350772857666;
0.5,60,0.0720219612121582;
0.75,60,0.06950902938842773;
1,60,0.068511962890625;
