alpha, makespan, duration;
0.25,61,0.0706179141998291;
0.5,61,0.07041692733764648;
0.75,61,0.07024097442626953;
1,61,0.07170724868774414;
