alpha, makespan, duration;
0.25,55,0.06559014320373535;
0.5,55,0.06597208976745605;
0.75,55,0.06481194496154785;
1,55,0.060198068618774414;
