alpha, makespan, duration;
0.25,57,0.07337188720703125;
0.5,57,0.07085084915161133;
0.75,57,0.07001590728759766;
1,57,0.06575703620910645;
