alpha, makespan, duration;
0.25,59,0.06410908699035645;
0.5,59,0.06366276741027832;
0.75,59,0.06712889671325684;
1,59,0.06283283233642578;
