alpha, makespan, duration;
0.25,57,0.061936140060424805;
0.5,57,0.06264209747314453;
0.75,57,0.06097412109375;
1,57,0.05826401710510254;
