alpha, makespan, duration;
0.25,67,0.07449698448181152;
0.5,67,0.07305288314819336;
0.75,67,0.07355308532714844;
1,66,0.07064986228942871;
