alpha, makespan, duration;
0.25,46,0.05606675148010254;
0.5,46,0.05761909484863281;
0.75,46,0.05529928207397461;
1,46,0.05391287803649902;
