alpha, makespan, duration;
0.25,49,0.06060910224914551;
0.5,49,0.05879712104797363;
0.75,49,0.05916595458984375;
1,49,0.05923199653625488;
