alpha, makespan, duration;
0.25,55,0.06174421310424805;
0.5,55,0.05865597724914551;
0.75,55,0.05747509002685547;
1,55,0.05356884002685547;
