alpha, makespan, duration;
0.25,60,0.07379317283630371;
0.5,60,0.07433581352233887;
0.75,60,0.07144784927368164;
1,60,0.06479001045227051;
