alpha, makespan, duration;
0.25,56,0.06572175025939941;
0.5,56,0.06549787521362305;
0.75,56,0.06226396560668945;
1,56,0.059952735900878906;
