alpha, makespan, duration;
0.25,47,0.06128287315368652;
0.5,47,0.05655717849731445;
0.75,47,0.0561060905456543;
1,47,0.0548710823059082;
