alpha, makespan, duration;
0.25,64,0.065216064453125;
0.5,64,0.06252098083496094;
0.75,64,0.06347298622131348;
1,64,0.06526899337768555;
