alpha, makespan, duration;
0.25,71,0.08398580551147461;
0.5,71,0.08723616600036621;
0.75,71,0.08192992210388184;
1,71,0.07843685150146484;
