alpha, makespan, duration;
0.25,66,0.08047699928283691;
0.5,66,0.07327485084533691;
0.75,66,0.07323193550109863;
1,66,0.07210993766784668;
