alpha, makespan, duration;
0.25,60,0.06833004951477051;
0.5,60,0.06766009330749512;
0.75,60,0.0697481632232666;
1,60,0.06548786163330078;
