alpha, makespan, duration;
0.25,59,0.07155203819274902;
0.5,59,0.06824970245361328;
0.75,59,0.07148408889770508;
1,59,0.06721687316894531;
