alpha, makespan, duration;
0.25,50,0.06708407402038574;
0.5,50,0.0671989917755127;
0.75,50,0.06507706642150879;
1,50,0.06240987777709961;
