alpha, makespan, duration;
0.25,59,0.07103586196899414;
0.5,59,0.06815195083618164;
0.75,59,0.06803202629089355;
1,59,0.06568789482116699;
