alpha, makespan, duration;
0.25,58,0.06552886962890625;
0.5,58,0.06363201141357422;
0.75,58,0.06313610076904297;
1,58,0.06405305862426758;
