alpha, makespan, duration;
0.25,48,0.06584286689758301;
0.5,48,0.06108689308166504;
0.75,48,0.05944991111755371;
1,48,0.05816507339477539;
