alpha, makespan, duration;
0.25,59,0.06544995307922363;
0.5,59,0.06501388549804688;
0.75,59,0.06484580039978027;
1,59,0.06590414047241211;
