alpha, makespan, duration;
0.25,48,0.04521322250366211;
0.5,48,0.044799089431762695;
0.75,48,0.043504953384399414;
1,48,0.044320106506347656;
