alpha, makespan, duration;
0.25,63,0.07886195182800293;
0.5,63,0.08062601089477539;
0.75,63,0.07757997512817383;
1,63,0.0726320743560791;
