alpha, makespan, duration;
0.25,52,0.06371593475341797;
0.5,52,0.06316494941711426;
0.75,52,0.060357093811035156;
1,52,0.05779099464416504;
