alpha, makespan, duration;
0.25,58,0.07175707817077637;
0.5,58,0.06459808349609375;
0.75,58,0.06319475173950195;
1,58,0.06539607048034668;
