alpha, makespan, duration;
0.25,63,0.07455110549926758;
0.5,63,0.07664775848388672;
0.75,63,0.07322287559509277;
1,63,0.06992816925048828;
