alpha, makespan, duration;
0.25,66,0.1284351348876953;
0.5,66,0.12904787063598633;
0.75,66,0.18195033073425293;
1,66,0.1386737823486328;
