alpha, makespan, duration;
0.25,48,0.12195515632629395;
0.5,48,0.11872100830078125;
0.75,48,0.11543011665344238;
1,48,0.08976411819458008;
