alpha, makespan, duration;
0.25,61,0.05600476264953613;
0.5,60,0.05597090721130371;
0.75,60,0.05495285987854004;
1,60,0.05518794059753418;
