alpha, makespan, duration;
0.25,55,0.07328987121582031;
0.5,55,0.07021307945251465;
0.75,55,0.07288289070129395;
1,55,0.13621020317077637;
