alpha, makespan, duration;
0.25,57,0.06847691535949707;
0.5,57,0.07258415222167969;
0.75,57,0.0664057731628418;
1,57,0.06372499465942383;
