alpha, makespan, duration;
0.25,56,0.06486821174621582;
0.5,56,0.06474494934082031;
0.75,56,0.0643930435180664;
1,56,0.06049704551696777;
