alpha, makespan, duration;
0.25,57,0.05028080940246582;
0.5,57,0.04913616180419922;
0.75,57,0.05215597152709961;
1,57,0.05104994773864746;
