alpha, makespan, duration;
0.25,51,0.06005525588989258;
0.5,51,0.059265851974487305;
0.75,51,0.06043601036071777;
1,51,0.0622251033782959;
