alpha, makespan, duration;
0.25,51,0.05702996253967285;
0.5,51,0.055893898010253906;
0.75,51,0.058732032775878906;
1,51,0.0630037784576416;
