alpha, makespan, duration;
0.25,49,0.056478023529052734;
0.5,49,0.05417275428771973;
0.75,49,0.05662798881530762;
1,49,0.06068086624145508;
