alpha, makespan, duration;
0.25,65,0.07029986381530762;
0.5,65,0.06528592109680176;
0.75,65,0.06890511512756348;
1,65,0.06728506088256836;
