alpha, makespan, duration;
0.25,51,0.06308507919311523;
0.5,51,0.061225175857543945;
0.75,51,0.062159061431884766;
1,51,0.06093001365661621;
