alpha, makespan, duration;
0.25,59,0.09088778495788574;
0.5,59,0.09433126449584961;
0.75,59,0.0767059326171875;
1,59,0.0702369213104248;
