alpha, makespan, duration;
0.25,51,0.06830573081970215;
0.5,51,0.06245779991149902;
0.75,51,0.06018400192260742;
1,51,0.06008577346801758;
