alpha, makespan, duration;
0.25,76,0.08855700492858887;
0.5,76,0.08347392082214355;
0.75,76,0.08363866806030273;
1,76,0.07993912696838379;
