alpha, makespan, duration;
0.25,56,0.06081199645996094;
0.5,56,0.058680057525634766;
0.75,56,0.05922818183898926;
1,56,0.06006288528442383;
