alpha, makespan, duration;
0.25,59,0.07236695289611816;
0.5,59,0.0716249942779541;
0.75,59,0.07098197937011719;
1,59,0.06486797332763672;
