alpha, makespan, duration;
0.25,58,0.07595491409301758;
0.5,58,0.06611204147338867;
0.75,58,0.0664510726928711;
1,58,0.06285619735717773;
