alpha, makespan, duration;
0.25,57,0.07890892028808594;
0.5,57,0.07269906997680664;
0.75,57,0.07141804695129395;
1,57,0.07195520401000977;
