alpha, makespan, duration;
0.25,60,0.1008913516998291;
0.5,60,0.09073376655578613;
0.75,60,0.1091008186340332;
1,60,0.30322980880737305;
