alpha, makespan, duration;
0.25,52,0.1579277515411377;
0.5,52,0.10580611228942871;
0.75,52,0.09964632987976074;
1,52,0.08592391014099121;
