alpha, makespan, duration;
0.25,73,0.07764410972595215;
0.5,73,0.07680010795593262;
0.75,73,0.07857108116149902;
1,73,0.07220101356506348;
