alpha, makespan, duration;
0.25,63,0.0765690803527832;
0.5,63,0.08003091812133789;
0.75,62,0.07565021514892578;
1,60,0.06784796714782715;
