alpha, makespan, duration;
0.25,64,0.09141302108764648;
0.5,64,0.07866597175598145;
0.75,64,0.07940506935119629;
1,64,0.06975317001342773;
