alpha, makespan, duration;
0.25,68,0.07397913932800293;
0.5,68,0.07034015655517578;
0.75,68,0.07007288932800293;
1,68,0.06732487678527832;
