alpha, makespan, duration;
0.25,56,0.06672215461730957;
0.5,56,0.06630682945251465;
0.75,56,0.06399202346801758;
1,56,0.062194108963012695;
