alpha, makespan, duration;
0.25,58,0.0659480094909668;
0.5,58,0.06543493270874023;
0.75,58,0.06558775901794434;
1,58,0.06313896179199219;
