alpha, makespan, duration;
0.25,46,0.04922795295715332;
0.5,46,0.04717707633972168;
0.75,46,0.046482086181640625;
1,46,0.04127621650695801;
