alpha, makespan, duration;
0.25,62,0.06298089027404785;
0.5,62,0.061868906021118164;
0.75,62,0.06305599212646484;
1,62,0.06210803985595703;
