alpha, makespan, duration;
0.25,60,0.0726170539855957;
0.5,60,0.07206606864929199;
0.75,60,0.07257604598999023;
1,60,0.0654749870300293;
