alpha, makespan, duration;
0.25,60,0.07491683959960938;
0.5,60,0.07088899612426758;
0.75,60,0.07114720344543457;
1,60,0.07076406478881836;
