alpha, makespan, duration;
0.25,56,0.06195783615112305;
0.5,56,0.06632184982299805;
0.75,56,0.06839513778686523;
1,56,0.0644071102142334;
