alpha, makespan, duration;
0.25,52,0.059323787689208984;
0.5,52,0.05548381805419922;
0.75,52,0.05431771278381348;
1,52,0.05582118034362793;
