alpha, makespan, duration;
0.25,64,0.07403016090393066;
0.5,64,0.07242703437805176;
0.75,64,0.07469511032104492;
1,64,0.06681489944458008;
