alpha, makespan, duration;
0.25,45,0.06381416320800781;
0.5,45,0.06285214424133301;
0.75,45,0.06345772743225098;
1,45,0.05538320541381836;
