alpha, makespan, duration;
0.25,58,0.05428600311279297;
0.5,58,0.05447983741760254;
0.75,58,0.05386495590209961;
1,58,0.05310702323913574;
