alpha, makespan, duration;
0.25,57,0.15404796600341797;
0.5,57,0.22854018211364746;
0.75,57,0.13700509071350098;
1,57,0.11989593505859375;
