alpha, makespan, duration;
0.25,65,0.07941222190856934;
0.5,65,0.07742500305175781;
0.75,65,0.07393693923950195;
1,65,0.06942987442016602;
