alpha, makespan, duration;
0.25,43,0.0558168888092041;
0.5,43,0.05507087707519531;
0.75,43,0.04998922348022461;
1,43,0.05160188674926758;
