alpha, makespan, duration;
0.25,64,0.07999587059020996;
0.5,64,0.0775139331817627;
0.75,64,0.07787394523620605;
1,64,0.07813215255737305;
