alpha, makespan, duration;
0.25,70,0.08782315254211426;
0.5,70,0.08756089210510254;
0.75,70,0.08814287185668945;
1,70,0.08138799667358398;
