alpha, makespan, duration;
0.25,55,0.05261683464050293;
0.5,55,0.05180501937866211;
0.75,55,0.052567243576049805;
1,54,0.049530982971191406;
