alpha, makespan, duration;
0.25,55,0.07090997695922852;
0.5,55,0.07085204124450684;
0.75,55,0.07272195816040039;
1,55,0.0627450942993164;
