alpha, makespan, duration;
0.25,59,0.08890318870544434;
0.5,59,0.08065009117126465;
0.75,60,0.08961796760559082;
1,58,0.08361124992370605;
