alpha, makespan, duration;
0.25,61,0.05820488929748535;
0.5,61,0.05502009391784668;
0.75,57,0.055425167083740234;
1,57,0.05683612823486328;
