alpha, makespan, duration;
0.25,39,0.048349857330322266;
0.5,39,0.04397106170654297;
0.75,39,0.045445919036865234;
1,39,0.04075169563293457;
