alpha, makespan, duration;
0.25,59,0.05941319465637207;
0.5,59,0.06014513969421387;
0.75,59,0.05695533752441406;
1,59,0.056867122650146484;
