alpha, makespan, duration;
0.25,62,0.0679941177368164;
0.5,61,0.06795477867126465;
0.75,56,0.06744909286499023;
1,56,0.06392288208007812;
