alpha, makespan, duration;
0.25,44,0.0588078498840332;
0.5,44,0.06618881225585938;
0.75,44,0.05823206901550293;
1,44,0.04092693328857422;
