alpha, makespan, duration;
0.25,48,0.04879593849182129;
0.5,44,0.04776191711425781;
0.75,44,0.04902911186218262;
1,44,0.04783320426940918;
