alpha, makespan, duration;
0.25,42,0.04670381546020508;
0.5,42,0.04436182975769043;
0.75,42,0.04462790489196777;
1,42,0.04546618461608887;
