alpha, makespan, duration;
0.25,45,0.041918039321899414;
0.5,45,0.04166388511657715;
0.75,45,0.0397491455078125;
1,44,0.040287017822265625;
