alpha, makespan, duration;
0.25,59,0.05532431602478027;
0.5,59,0.05346107482910156;
0.75,59,0.05341291427612305;
1,59,0.05585289001464844;
