alpha, makespan, duration;
0.25,59,0.06238222122192383;
0.5,59,0.06204390525817871;
0.75,59,0.06219601631164551;
1,59,0.056509971618652344;
