alpha, makespan, duration;
0.25,40,0.040628910064697266;
0.5,37,0.03802490234375;
0.75,37,0.039895057678222656;
1,37,0.03603506088256836;
