alpha, makespan, duration;
0.25,55,0.04999089241027832;
0.5,55,0.04742002487182617;
0.75,55,0.046936750411987305;
1,55,0.0465090274810791;
