alpha, makespan, duration;
0.25,37,0.05073070526123047;
0.5,37,0.04566311836242676;
0.75,37,0.04539084434509277;
1,36,0.044877052307128906;
