alpha, makespan, duration;
0.25,40,0.04671597480773926;
0.5,40,0.045393943786621094;
0.75,40,0.04584908485412598;
1,40,0.03983497619628906;
