alpha, makespan, duration;
0.25,51,0.06335091590881348;
0.5,51,0.06019020080566406;
0.75,51,0.05888009071350098;
1,51,0.05370187759399414;
