alpha, makespan, duration;
0.25,46,0.04059600830078125;
0.5,46,0.039849042892456055;
0.75,46,0.039595842361450195;
1,46,0.03947114944458008;
