alpha, makespan, duration;
0.25,52,0.04846906661987305;
0.5,52,0.047061920166015625;
0.75,52,0.04509615898132324;
1,49,0.04753613471984863;
