alpha, makespan, duration;
0.25,36,0.04460477828979492;
0.5,36,0.04467296600341797;
0.75,36,0.044404029846191406;
1,36,0.04290008544921875;
