alpha, makespan, duration;
0.25,56,0.051817893981933594;
0.5,56,0.05142974853515625;
0.75,56,0.050826311111450195;
1,56,0.05284404754638672;
