alpha, makespan, duration;
0.25,42,0.048766136169433594;
0.5,42,0.044048309326171875;
0.75,42,0.04381299018859863;
1,40,0.0398252010345459;
