alpha, makespan, duration;
0.25,52,0.0511469841003418;
0.5,52,0.04442286491394043;
0.75,52,0.04495882987976074;
1,48,0.044397830963134766;
