alpha, makespan, duration;
0.25,42,0.04421114921569824;
0.5,42,0.04296684265136719;
0.75,42,0.04285097122192383;
1,42,0.043830156326293945;
