alpha, makespan, duration;
0.25,57,0.06332182884216309;
0.5,57,0.05553102493286133;
0.75,57,0.056420087814331055;
1,57,0.05377531051635742;
