alpha, makespan, duration;
0.25,45,0.0423581600189209;
0.5,45,0.0407562255859375;
0.75,45,0.04231405258178711;
1,45,0.04173016548156738;
