alpha, makespan, duration;
0.25,43,0.04399824142456055;
0.5,43,0.04301118850708008;
0.75,43,0.043298959732055664;
1,43,0.0437471866607666;
