alpha, makespan, duration;
0.25,52,0.050940752029418945;
0.5,52,0.04938197135925293;
0.75,52,0.04950594902038574;
1,51,0.047824859619140625;
