alpha, makespan, duration;
0.25,45,0.04149508476257324;
0.5,45,0.03986310958862305;
0.75,45,0.04048514366149902;
1,45,0.03950810432434082;
