alpha, makespan, duration;
0.25,42,0.045140981674194336;
0.5,42,0.04500913619995117;
0.75,42,0.047846078872680664;
1,42,0.04114508628845215;
