alpha, makespan, duration;
0.25,40,0.042896270751953125;
0.5,40,0.04224514961242676;
0.75,40,0.04197812080383301;
1,40,0.04422879219055176;
