alpha, makespan, duration;
0.25,69,0.060254812240600586;
0.5,69,0.05902695655822754;
0.75,69,0.05888485908508301;
1,69,0.057145118713378906;
