alpha, makespan, duration;
0.25,52,0.04918789863586426;
0.5,52,0.048011064529418945;
0.75,52,0.04536604881286621;
1,52,0.045638322830200195;
