alpha, makespan, duration;
0.25,49,0.06047391891479492;
0.5,49,0.047149658203125;
0.75,48,0.046862125396728516;
1,48,0.046270132064819336;
