alpha, makespan, duration;
0.25,52,0.052635908126831055;
0.5,52,0.052651166915893555;
0.75,52,0.05257892608642578;
1,52,0.05067873001098633;
