alpha, makespan, duration;
0.25,54,0.05250191688537598;
0.5,54,0.05041909217834473;
0.75,54,0.05028033256530762;
1,54,0.04975414276123047;
