alpha, makespan, duration;
0.25,45,0.04637002944946289;
0.5,45,0.04580092430114746;
0.75,45,0.0459902286529541;
1,45,0.048441171646118164;
