alpha, makespan, duration;
0.25,59,0.0638730525970459;
0.5,59,0.055871009826660156;
0.75,59,0.055119991302490234;
1,59,0.0567018985748291;
