alpha, makespan, duration;
0.25,49,0.056524038314819336;
0.5,49,0.050338029861450195;
0.75,49,0.04929995536804199;
1,49,0.048853158950805664;
