alpha, makespan, duration;
0.25,56,0.05470108985900879;
0.5,56,0.05531191825866699;
0.75,56,0.05704998970031738;
1,56,0.05466604232788086;
