alpha, makespan, duration;
0.25,64,0.05821704864501953;
0.5,64,0.057090044021606445;
0.75,64,0.06022334098815918;
1,64,0.05640292167663574;
