alpha, makespan, duration;
0.25,54,0.053318023681640625;
0.5,54,0.05152606964111328;
0.75,54,0.05263781547546387;
1,54,0.049597978591918945;
