alpha, makespan, duration;
0.25,48,0.04953289031982422;
0.5,48,0.04773092269897461;
0.75,48,0.046936988830566406;
1,48,0.050086021423339844;
