alpha, makespan, duration;
0.25,58,0.1053309440612793;
0.5,58,0.1002349853515625;
0.75,57,0.10431098937988281;
1,56,0.11494803428649902;
