alpha, makespan, duration;
0.25,46,0.047821044921875;
0.5,46,0.04577207565307617;
0.75,46,0.044222354888916016;
1,46,0.043897151947021484;
