alpha, makespan, duration;
0.25,38,0.04038715362548828;
0.5,38,0.04135584831237793;
0.75,38,0.04076790809631348;
1,38,0.03700113296508789;
