alpha, makespan, duration;
0.25,42,0.04300189018249512;
0.5,42,0.039610862731933594;
0.75,42,0.039940834045410156;
1,42,0.03704714775085449;
