alpha, makespan, duration;
0.25,53,0.060465335845947266;
0.5,53,0.0528721809387207;
0.75,53,0.052346229553222656;
1,53,0.05006814002990723;
