alpha, makespan, duration;
0.25,50,0.06217813491821289;
0.5,50,0.05207204818725586;
0.75,50,0.05299186706542969;
1,50,0.050502777099609375;
