alpha, makespan, duration;
0.25,91,0.27057814598083496;
0.5,87,0.2594470977783203;
0.75,87,0.24464106559753418;
1,87,0.22636914253234863;
