alpha, makespan, duration;
0.25,87,0.22336792945861816;
0.5,87,0.2352900505065918;
0.75,87,0.21909713745117188;
1,83,0.20869088172912598;
