alpha, makespan, duration;
0.25,73,0.2762429714202881;
0.5,73,0.21499276161193848;
0.75,73,0.22440314292907715;
1,73,0.22668790817260742;
