alpha, makespan, duration;
0.25,74,0.253298282623291;
0.5,74,0.2629129886627197;
0.75,74,0.2870349884033203;
1,74,0.24524593353271484;
