alpha, makespan, duration;
0.25,70,0.17999792098999023;
0.5,70,0.17342090606689453;
0.75,70,0.16849207878112793;
1,71,0.17748308181762695;
