alpha, makespan, duration;
0.25,74,0.17275333404541016;
0.5,74,0.1818537712097168;
0.75,74,0.1764979362487793;
1,74,0.18139910697937012;
