alpha, makespan, duration;
0.25,61,0.24302101135253906;
0.5,61,0.24561190605163574;
0.75,61,0.231248140335083;
1,61,0.2245008945465088;
