alpha, makespan, duration;
0.25,68,0.2446000576019287;
0.5,68,0.23638200759887695;
0.75,68,0.2430882453918457;
1,68,0.24415802955627441;
