alpha, makespan, duration;
0.25,60,0.20833802223205566;
0.5,60,0.2073662281036377;
0.75,60,0.2302401065826416;
1,60,0.1998579502105713;
