alpha, makespan, duration;
0.25,59,0.5650792121887207;
0.5,59,0.4260368347167969;
0.75,59,0.2655348777770996;
1,59,0.38117003440856934;
