alpha, makespan, duration;
0.25,65,0.22517824172973633;
0.5,65,0.22638893127441406;
0.75,65,0.20724105834960938;
1,65,0.2107830047607422;
