alpha, makespan, duration;
0.25,82,0.24067306518554688;
0.5,82,0.2487790584564209;
0.75,81,0.24521303176879883;
1,80,0.24185490608215332;
