alpha, makespan, duration;
0.25,81,0.23837685585021973;
0.5,81,0.22803211212158203;
0.75,81,0.2240922451019287;
1,81,0.2087879180908203;
