alpha, makespan, duration;
0.25,72,0.18486309051513672;
0.5,71,0.1776900291442871;
0.75,71,0.17948102951049805;
1,71,0.16117095947265625;
