alpha, makespan, duration;
0.25,71,0.17453527450561523;
0.5,71,0.1694650650024414;
0.75,71,0.17434382438659668;
1,71,0.1708979606628418;
