alpha, makespan, duration;
0.25,68,0.2221388816833496;
0.5,68,0.23421812057495117;
0.75,68,0.20476603507995605;
1,68,0.21694493293762207;
