alpha, makespan, duration;
0.25,72,0.2721903324127197;
0.5,72,0.273709774017334;
0.75,72,0.2829411029815674;
1,72,0.2591419219970703;
