alpha, makespan, duration;
0.25,70,0.2666771411895752;
0.5,70,0.260556697845459;
0.75,70,0.2551710605621338;
1,70,0.26125311851501465;
