alpha, makespan, duration;
0.25,69,0.15874695777893066;
0.5,68,0.15725207328796387;
0.75,68,0.15418291091918945;
1,68,0.17133331298828125;
