alpha, makespan, duration;
0.25,70,0.17484688758850098;
0.5,70,0.16985583305358887;
0.75,70,0.16942214965820312;
1,70,0.17119884490966797;
