alpha, makespan, duration;
0.25,60,0.16292500495910645;
0.5,60,0.15561795234680176;
0.75,60,0.16012883186340332;
1,60,0.15393996238708496;
