alpha, makespan, duration;
0.25,77,0.24842190742492676;
0.5,77,0.24858689308166504;
0.75,77,0.24528288841247559;
1,68,0.2011547088623047;
