alpha, makespan, duration;
0.25,66,0.20716595649719238;
0.5,66,0.22899603843688965;
0.75,66,0.20904278755187988;
1,66,0.23334574699401855;
