alpha, makespan, duration;
0.25,77,0.31038403511047363;
0.5,77,0.28371310234069824;
0.75,77,0.2549307346343994;
1,77,0.2795381546020508;
