alpha, makespan, duration;
0.25,57,0.19023513793945312;
0.5,54,0.1938340663909912;
0.75,54,0.19212102890014648;
1,54,0.17272686958312988;
