alpha, makespan, duration;
0.25,78,0.3411600589752197;
0.5,78,0.3637371063232422;
0.75,78,0.25835204124450684;
1,78,0.2698791027069092;
