alpha, makespan, duration;
0.25,85,0.21109914779663086;
0.5,85,0.20635390281677246;
0.75,85,0.20163607597351074;
1,85,0.19214510917663574;
