alpha, makespan, duration;
0.25,80,0.19336438179016113;
0.5,80,0.18900394439697266;
0.75,80,0.19297027587890625;
1,80,0.19110393524169922;
