alpha, makespan, duration;
0.25,58,0.2195427417755127;
0.5,58,0.20620989799499512;
0.75,58,0.2148270606994629;
1,58,0.19591307640075684;
