alpha, makespan, duration;
0.25,78,0.3311011791229248;
0.5,78,0.33988308906555176;
0.75,77,0.3318619728088379;
1,78,0.2997400760650635;
