alpha, makespan, duration;
0.25,72,0.23734426498413086;
0.5,72,0.25359416007995605;
0.75,72,0.24890494346618652;
1,72,0.2354280948638916;
