alpha, makespan, duration;
0.25,89,0.43383193016052246;
0.5,89,0.7273290157318115;
0.75,89,0.6589531898498535;
1,88,0.3455841541290283;
