alpha, makespan, duration;
0.25,62,0.2979609966278076;
0.5,58,0.3248312473297119;
0.75,57,0.28597307205200195;
1,55,0.25120997428894043;
