alpha, makespan, duration;
0.25,84,0.3360879421234131;
0.5,84,0.31503915786743164;
0.75,90,0.3032231330871582;
1,85,0.31273412704467773;
