alpha, makespan, duration;
0.25,90,0.31592607498168945;
0.5,90,0.29156017303466797;
0.75,90,0.3582580089569092;
1,90,0.44910097122192383;
