alpha, makespan, duration;
0.25,68,0.226593017578125;
0.5,68,0.2269611358642578;
0.75,68,0.230971097946167;
1,68,0.2047569751739502;
