alpha, makespan, duration;
0.25,68,0.3272073268890381;
0.5,68,0.26957106590270996;
0.75,68,0.3306760787963867;
1,68,0.2825479507446289;
