alpha, makespan, duration;
0.25,72,0.19489598274230957;
0.5,72,0.19333672523498535;
0.75,72,0.18845582008361816;
1,72,0.18589377403259277;
