alpha, makespan, duration;
0.25,70,0.20461201667785645;
0.5,70,0.19643688201904297;
0.75,70,0.19879794120788574;
1,70,0.1950371265411377;
