alpha, makespan, duration;
0.25,66,0.15771269798278809;
0.5,66,0.15429902076721191;
0.75,66,0.1524052619934082;
1,66,0.14948821067810059;
