alpha, makespan, duration;
0.25,64,0.2283952236175537;
0.5,64,0.2140650749206543;
0.75,64,0.25484704971313477;
1,64,0.20633912086486816;
