alpha, makespan, duration;
0.25,63,0.17751502990722656;
0.5,63,0.1730949878692627;
0.75,63,0.173842191696167;
1,63,0.16019010543823242;
