alpha, makespan, duration;
0.25,71,0.18482589721679688;
0.5,71,0.18196821212768555;
0.75,71,0.1856539249420166;
1,68,0.17023801803588867;
