alpha, makespan, duration;
0.25,60,0.15600204467773438;
0.5,60,0.15874600410461426;
0.75,60,0.15686392784118652;
1,60,0.15263009071350098;
