alpha, makespan, duration;
0.25,62,0.3282909393310547;
0.5,62,0.3147280216217041;
0.75,62,0.4181969165802002;
1,62,0.8708779811859131;
