alpha, makespan, duration;
0.25,64,0.21237611770629883;
0.5,61,0.212111234664917;
0.75,64,0.19377422332763672;
1,62,0.18923687934875488;
