alpha, makespan, duration;
0.25,80,0.22875308990478516;
0.5,80,0.27640390396118164;
0.75,80,0.2537860870361328;
1,80,0.20853900909423828;
