alpha, makespan, duration;
0.25,65,0.2025771141052246;
0.5,65,0.2028062343597412;
0.75,65,0.20662498474121094;
1,63,0.18642520904541016;
