alpha, makespan, duration;
0.25,67,0.18073606491088867;
0.5,67,0.17607498168945312;
0.75,67,0.17629599571228027;
1,67,0.1630558967590332;
