alpha, makespan, duration;
0.25,62,0.16298604011535645;
0.5,62,0.15889716148376465;
0.75,62,0.15902423858642578;
1,62,0.16124701499938965;
