alpha, makespan, duration;
0.25,90,0.30840015411376953;
0.5,90,0.2906680107116699;
0.75,91,0.28522205352783203;
1,88,0.2818000316619873;
