alpha, makespan, duration;
0.25,85,0.37917423248291016;
0.5,85,0.3400430679321289;
0.75,82,0.3286268711090088;
1,82,0.3063211441040039;
