alpha, makespan, duration;
0.25,66,0.30231285095214844;
0.5,66,0.3248138427734375;
0.75,66,0.5530288219451904;
1,66,1.1701560020446777;
