alpha, makespan, duration;
0.25,80,0.24502301216125488;
0.5,80,0.24373698234558105;
0.75,80,0.2608938217163086;
1,80,0.22791028022766113;
