alpha, makespan, duration;
0.25,81,0.25449705123901367;
0.5,81,0.26740193367004395;
0.75,81,0.2628672122955322;
1,81,0.25042104721069336;
