alpha, makespan, duration;
0.25,66,0.32363390922546387;
0.5,66,0.5109219551086426;
0.75,66,0.22381210327148438;
1,66,0.2152869701385498;
