alpha, makespan, duration;
0.25,72,0.20984792709350586;
0.5,72,0.21935701370239258;
0.75,72,0.20641779899597168;
1,72,0.20878005027770996;
