alpha, makespan, duration;
0.25,73,0.27401113510131836;
0.5,73,0.27388978004455566;
0.75,72,0.26065516471862793;
1,72,0.2295370101928711;
