alpha, makespan, duration;
0.25,67,0.8040330410003662;
0.5,67,0.27367711067199707;
0.75,67,0.2603487968444824;
1,67,0.2279660701751709;
