alpha, makespan, duration;
0.25,64,0.20572900772094727;
0.5,64,0.1627039909362793;
0.75,64,0.19623398780822754;
1,64,0.16704583168029785;
