alpha, makespan, duration;
0.25,65,0.1788651943206787;
0.5,65,0.1765439510345459;
0.75,65,0.17875194549560547;
1,65,0.16436505317687988;
