alpha, makespan, duration;
0.25,77,0.17724108695983887;
0.5,79,0.1828012466430664;
0.75,75,0.18550586700439453;
1,73,0.17693090438842773;
