alpha, makespan, duration;
0.25,81,0.29105281829833984;
0.5,78,0.2795257568359375;
0.75,78,0.3007831573486328;
1,78,0.6371889114379883;
