alpha, makespan, duration;
0.25,55,0.18072795867919922;
0.5,55,0.186798095703125;
0.75,55,0.19945597648620605;
1,55,0.18201804161071777;
