alpha, makespan, duration;
0.25,62,0.16995501518249512;
0.5,62,0.17130780220031738;
0.75,62,0.1666097640991211;
1,62,0.157196044921875;
