alpha, makespan, duration;
0.25,65,0.15854525566101074;
0.5,65,0.15996313095092773;
0.75,65,0.15810203552246094;
1,65,0.14912796020507812;
