alpha, makespan, duration;
0.25,105,0.27433204650878906;
0.5,98,0.2639627456665039;
0.75,98,0.25395894050598145;
1,98,0.2576262950897217;
