alpha, makespan, duration;
0.25,55,0.15848708152770996;
0.5,55,0.15913701057434082;
0.75,55,0.15476274490356445;
1,55,0.14604592323303223;
