alpha, makespan, duration;
0.25,84,0.3937230110168457;
0.5,80,0.41550397872924805;
0.75,79,0.296140193939209;
1,79,0.30199313163757324;
