alpha, makespan, duration;
0.25,65,0.2083759307861328;
0.5,65,0.20514416694641113;
0.75,65,0.2012491226196289;
1,65,0.19357514381408691;
