alpha, makespan, duration;
0.25,62,0.275493860244751;
0.5,62,0.3244209289550781;
0.75,62,0.3090240955352783;
1,62,0.2636840343475342;
