alpha, makespan, duration;
0.25,63,0.17800307273864746;
0.5,63,0.1768631935119629;
0.75,63,0.17998003959655762;
1,63,0.1709918975830078;
