alpha, makespan, duration;
0.25,61,0.198775053024292;
0.5,61,0.20827007293701172;
0.75,61,0.21583795547485352;
1,61,0.22863006591796875;
