alpha, makespan, duration;
0.25,54,0.190079927444458;
0.5,54,0.17306876182556152;
0.75,54,0.17642903327941895;
1,54,0.1619892120361328;
