alpha, makespan, duration;
0.25,69,0.4814157485961914;
0.5,69,0.8290040493011475;
0.75,69,0.7533969879150391;
1,69,0.24875712394714355;
