alpha, makespan, duration;
0.25,70,0.21503114700317383;
0.5,70,0.225877046585083;
0.75,70,0.22563934326171875;
1,70,0.21997904777526855;
