alpha, makespan, duration;
0.25,63,0.19836997985839844;
0.5,63,0.19592809677124023;
0.75,63,0.1971273422241211;
1,63,0.17951512336730957;
