alpha, makespan, duration;
0.25,62,0.2547640800476074;
0.5,62,0.2777390480041504;
0.75,62,0.5687718391418457;
1,62,0.25035881996154785;
