alpha, makespan, duration;
0.25,54,0.18065690994262695;
0.5,54,0.16510486602783203;
0.75,54,0.18292689323425293;
1,54,0.1577281951904297;
