alpha, makespan, duration;
0.25,70,0.19596195220947266;
0.5,70,0.19025087356567383;
0.75,70,0.18886280059814453;
1,70,0.17659902572631836;
