alpha, makespan, duration;
0.25,88,0.2827317714691162;
0.5,87,0.2806589603424072;
0.75,87,0.2742471694946289;
1,81,0.23877596855163574;
