alpha, makespan, duration;
0.25,59,0.18760013580322266;
0.5,59,0.18385100364685059;
0.75,59,0.1898970603942871;
1,59,0.16625475883483887;
