alpha, makespan, duration;
0.25,77,0.19858479499816895;
0.5,77,0.20438313484191895;
0.75,77,0.2005748748779297;
1,77,0.17704081535339355;
