alpha, makespan, duration;
0.25,70,0.19303393363952637;
0.5,70,0.19286298751831055;
0.75,70,0.19500374794006348;
1,70,0.17554092407226562;
