alpha, makespan, duration;
0.25,71,0.23098301887512207;
0.5,71,0.22101807594299316;
0.75,71,0.2205188274383545;
1,70,0.206679105758667;
