alpha, makespan, duration;
0.25,69,0.22948622703552246;
0.5,69,0.22117400169372559;
0.75,69,0.24000787734985352;
1,69,0.21770811080932617;
