alpha, makespan, duration;
0.25,69,0.23188376426696777;
0.5,69,0.24563097953796387;
0.75,69,0.24286508560180664;
1,69,0.23427081108093262;
