alpha, makespan, duration;
0.25,76,0.1929612159729004;
0.5,76,0.19933700561523438;
0.75,76,0.1986980438232422;
1,76,0.1824970245361328;
