alpha, makespan, duration;
0.25,62,0.1638789176940918;
0.5,62,0.16777920722961426;
0.75,62,0.1677110195159912;
1,62,0.16565203666687012;
