alpha, makespan, duration;
0.25,70,0.357147216796875;
0.5,70,0.3569178581237793;
0.75,70,0.42464303970336914;
1,70,0.3896980285644531;
