alpha, makespan, duration;
0.25,73,0.3099501132965088;
0.5,73,0.31555700302124023;
0.75,73,0.4945948123931885;
1,73,0.26034116744995117;
