alpha, makespan, duration;
0.25,60,0.16707134246826172;
0.5,60,0.1637251377105713;
0.75,60,0.1728191375732422;
1,60,0.16494417190551758;
