alpha, makespan, duration;
0.25,74,0.20512819290161133;
0.5,74,0.20813536643981934;
0.75,74,0.2058420181274414;
1,74,0.20415592193603516;
