alpha, makespan, duration;
0.25,84,0.2941150665283203;
0.5,77,0.2906010150909424;
0.75,77,0.2803337574005127;
1,82,0.2708883285522461;
