alpha, makespan, duration;
0.25,88,0.25223588943481445;
0.5,87,0.2575039863586426;
0.75,87,0.24917006492614746;
1,86,0.22834396362304688;
