alpha, makespan, duration;
0.25,72,0.17127513885498047;
0.5,72,0.1773371696472168;
0.75,72,0.17274713516235352;
1,72,0.1637558937072754;
