alpha, makespan, duration;
0.25,82,0.23062825202941895;
0.5,82,0.22431278228759766;
0.75,80,0.22292613983154297;
1,80,0.21568822860717773;
