alpha, makespan, duration;
0.25,84,0.4167020320892334;
0.5,84,0.30655384063720703;
0.75,84,0.963897705078125;
1,84,1.1717607975006104;
