alpha, makespan, duration;
0.25,67,0.1749880313873291;
0.5,67,0.17722606658935547;
0.75,67,0.1759657859802246;
1,67,0.1668989658355713;
