alpha, makespan, duration;
0.25,61,0.23540282249450684;
0.5,61,0.2461690902709961;
0.75,61,0.20461297035217285;
1,61,0.21782684326171875;
