alpha, makespan, duration;
0.25,71,0.17058587074279785;
0.5,71,0.16356611251831055;
0.75,71,0.1689009666442871;
1,71,0.16396689414978027;
