alpha, makespan, duration;
0.25,83,0.18691086769104004;
0.5,83,0.18886899948120117;
0.75,83,0.18574810028076172;
1,83,0.17468690872192383;
