alpha, makespan, duration;
0.25,55,0.24326419830322266;
0.5,55,0.22040295600891113;
0.75,55,0.23162293434143066;
1,55,0.22756075859069824;
