alpha, makespan, duration;
0.25,83,0.24360871315002441;
0.5,83,0.24159002304077148;
0.75,83,0.24451184272766113;
1,83,0.2447957992553711;
