alpha, makespan, duration;
0.25,69,0.18991327285766602;
0.5,69,0.18453288078308105;
0.75,69,0.1799778938293457;
1,69,0.1743779182434082;
