alpha, makespan, duration;
0.25,71,0.20992493629455566;
0.5,71,0.2165989875793457;
0.75,69,0.20763897895812988;
1,70,0.20102190971374512;
