alpha, makespan, duration;
0.25,76,0.16602683067321777;
0.5,76,0.16797685623168945;
0.75,76,0.17253875732421875;
1,76,0.17707014083862305;
