alpha, makespan, duration;
0.25,70,0.23762893676757812;
0.5,70,0.2339639663696289;
0.75,70,0.2423388957977295;
1,70,0.20743608474731445;
