alpha, makespan, duration;
0.25,89,0.3043999671936035;
0.5,89,0.2561788558959961;
0.75,89,0.2520158290863037;
1,89,0.31652092933654785;
