alpha, makespan, duration;
0.25,66,0.5815527439117432;
0.5,66,0.3420562744140625;
0.75,66,0.4156060218811035;
1,67,0.4303920269012451;
