alpha, makespan, duration;
0.25,60,0.24631786346435547;
0.5,60,0.2574930191040039;
0.75,60,0.2506542205810547;
1,60,0.23614120483398438;
