alpha, makespan, duration;
0.25,58,0.33185315132141113;
0.5,58,0.28742289543151855;
0.75,58,0.2702209949493408;
1,58,0.30089402198791504;
