alpha, makespan, duration;
0.25,69,0.20794177055358887;
0.5,69,0.20911693572998047;
0.75,69,0.19746088981628418;
1,69,0.20685315132141113;
