alpha, makespan, duration;
0.25,76,0.9330079555511475;
0.5,76,0.27756524085998535;
0.75,76,0.31819772720336914;
1,76,0.2837860584259033;
