alpha, makespan, duration;
0.25,74,0.20589375495910645;
0.5,72,0.19840574264526367;
0.75,72,0.195997953414917;
1,72,0.18668007850646973;
