alpha, makespan, duration;
0.25,80,0.3201937675476074;
0.5,80,0.3141598701477051;
0.75,80,0.2953190803527832;
1,80,0.3164863586425781;
