alpha, makespan, duration;
0.25,66,0.25592994689941406;
0.5,66,0.2562069892883301;
0.75,66,0.2671928405761719;
1,66,0.254702091217041;
