alpha, makespan, duration;
0.25,71,0.246323823928833;
0.5,71,0.25299525260925293;
0.75,68,0.2443981170654297;
1,68,0.23297786712646484;
