alpha, makespan, duration;
0.25,84,0.2401578426361084;
0.5,84,0.23924899101257324;
0.75,84,0.23477411270141602;
1,84,0.22569513320922852;
