alpha, makespan, duration;
0.25,56,0.21508002281188965;
0.5,56,0.21546006202697754;
0.75,56,0.21593022346496582;
1,58,0.21056699752807617;
