alpha, makespan, duration;
0.25,63,0.20889496803283691;
0.5,63,0.20308709144592285;
0.75,63,0.2037980556488037;
1,63,0.2018439769744873;
