alpha, makespan, duration;
0.25,63,0.22099900245666504;
0.5,63,0.24091386795043945;
0.75,63,0.2743191719055176;
1,63,0.20677924156188965;
