alpha, makespan, duration;
0.25,74,0.23290085792541504;
0.5,75,0.23294425010681152;
0.75,74,0.23223614692687988;
1,74,0.20878911018371582;
