alpha, makespan, duration;
0.25,67,0.19478607177734375;
0.5,67,0.19192862510681152;
0.75,67,0.19036006927490234;
1,67,0.19293618202209473;
