alpha, makespan, duration;
0.25,79,0.19445228576660156;
0.5,79,0.20370006561279297;
0.75,79,0.19751501083374023;
1,79,0.20571088790893555;
