alpha, makespan, duration;
0.25,77,0.22795915603637695;
0.5,77,0.23198294639587402;
0.75,77,0.22905182838439941;
1,76,0.21202898025512695;
