alpha, makespan, duration;
0.25,50,0.21796488761901855;
0.5,50,0.31852197647094727;
0.75,50,0.6236989498138428;
1,50,0.5672621726989746;
