alpha, makespan, duration;
0.25,70,0.2313380241394043;
0.5,70,0.22146201133728027;
0.75,70,0.2100670337677002;
1,70,0.19776010513305664;
