alpha, makespan, duration;
0.25,69,0.1923828125;
0.5,69,0.1851668357849121;
0.75,67,0.2348308563232422;
1,66,0.22967886924743652;
