alpha, makespan, duration;
0.25,76,0.22365617752075195;
0.5,76,0.21542930603027344;
0.75,76,0.22139406204223633;
1,76,0.20019817352294922;
