alpha, makespan, duration;
0.25,79,0.25163793563842773;
0.5,78,0.25047826766967773;
0.75,78,0.24652099609375;
1,77,0.2424449920654297;
