alpha, makespan, duration;
0.25,69,0.309920072555542;
0.5,69,0.2812619209289551;
0.75,69,0.2841761112213135;
1,68,0.24953222274780273;
