alpha, makespan, duration;
0.25,71,0.2944679260253906;
0.5,71,0.2836620807647705;
0.75,71,0.30095601081848145;
1,71,0.2694699764251709;
