alpha, makespan, duration;
0.25,70,0.2806978225708008;
0.5,70,0.2762010097503662;
0.75,70,0.27701282501220703;
1,70,0.27052736282348633;
