alpha, makespan, duration;
0.25,73,0.27730512619018555;
0.5,71,0.27709174156188965;
0.75,70,0.29554009437561035;
1,71,0.28551602363586426;
