alpha, makespan, duration;
0.25,58,0.19623494148254395;
0.5,58,0.19086575508117676;
0.75,58,0.18373823165893555;
1,58,0.17177200317382812;
