alpha, makespan, duration;
0.25,79,0.282153844833374;
0.5,79,0.2974839210510254;
0.75,79,0.2937898635864258;
1,79,0.2914388179779053;
