alpha, makespan, duration;
0.25,72,0.21132802963256836;
0.5,72,0.212785005569458;
0.75,72,0.20733428001403809;
1,72,0.20012307167053223;
