alpha, makespan, duration;
0.25,81,0.2519681453704834;
0.5,81,0.2449638843536377;
0.75,81,0.2524089813232422;
1,81,0.22792816162109375;
