alpha, makespan, duration;
0.25,98,0.31125307083129883;
0.5,98,0.3066542148590088;
0.75,98,0.3067460060119629;
1,98,0.2957780361175537;
