alpha, makespan, duration;
0.25,81,0.317720890045166;
0.5,81,0.3224959373474121;
0.75,81,0.3065042495727539;
1,81,0.29744625091552734;
