alpha, makespan, duration;
0.25,70,0.16092896461486816;
0.5,70,0.16151189804077148;
0.75,70,0.16174578666687012;
1,65,0.14780783653259277;
