alpha, makespan, duration;
0.25,65,0.3294970989227295;
0.5,65,0.27312302589416504;
0.75,66,0.29533910751342773;
1,63,0.25445985794067383;
