alpha, makespan, duration;
0.25,72,0.1958789825439453;
0.5,72,0.19356179237365723;
0.75,72,0.19426298141479492;
1,72,0.20132708549499512;
