alpha, makespan, duration;
0.25,87,0.3383619785308838;
0.5,87,0.3390941619873047;
0.75,87,0.3419530391693115;
1,87,0.33273911476135254;
