alpha, makespan, duration;
0.25,78,0.22985196113586426;
0.5,78,0.2254190444946289;
0.75,78,0.2245779037475586;
1,78,0.21421122550964355;
