alpha, makespan, duration;
0.25,69,1.9803216457366943;
0.5,67,0.498615026473999;
0.75,70,0.3952159881591797;
1,67,0.34568190574645996;
