alpha, makespan, duration;
0.25,84,0.24504613876342773;
0.5,83,0.2425220012664795;
0.75,83,0.23054003715515137;
1,79,0.21047687530517578;
