alpha, makespan, duration;
0.25,69,0.22193288803100586;
0.5,66,0.2092139720916748;
0.75,65,0.20425915718078613;
1,64,0.18693995475769043;
