alpha, makespan, duration;
0.25,70,0.22471332550048828;
0.5,70,0.21392202377319336;
0.75,70,0.21597909927368164;
1,70,0.2061750888824463;
