alpha, makespan, duration;
0.25,65,0.331082820892334;
0.5,65,0.3025352954864502;
0.75,65,0.5586280822753906;
1,65,0.3091728687286377;
