alpha, makespan, duration;
0.25,73,0.2290973663330078;
0.5,73,0.22525477409362793;
0.75,73,0.2182319164276123;
1,73,0.20880413055419922;
