alpha, makespan, duration;
0.25,75,0.3271489143371582;
0.5,75,0.6388716697692871;
0.75,75,0.5824918746948242;
1,75,0.2933948040008545;
