alpha, makespan, duration;
0.25,61,0.2493743896484375;
0.5,61,0.23705291748046875;
0.75,61,0.2796289920806885;
1,61,0.22968602180480957;
