alpha, makespan, duration;
0.25,82,0.24581289291381836;
0.5,82,0.23711299896240234;
0.75,82,0.23984408378601074;
1,82,0.22596979141235352;
