alpha, makespan, duration;
0.25,63,0.20532488822937012;
0.5,63,0.19730496406555176;
0.75,63,0.191558837890625;
1,63,0.19349884986877441;
