alpha, makespan, duration;
0.25,54,0.15526604652404785;
0.5,54,0.15593194961547852;
0.75,54,0.15983104705810547;
1,54,0.15532994270324707;
