alpha, makespan, duration;
0.25,97,0.35063910484313965;
0.5,97,0.33103394508361816;
0.75,97,0.3736588954925537;
1,97,0.3057577610015869;
