alpha, makespan, duration;
0.25,70,0.24279093742370605;
0.5,70,0.23626923561096191;
0.75,70,0.2428150177001953;
1,70,0.21568894386291504;
