alpha, makespan, duration;
0.25,62,0.22740793228149414;
0.5,62,0.22566485404968262;
0.75,62,0.22724318504333496;
1,62,0.18623995780944824;
