alpha, makespan, duration;
0.25,66,0.1960136890411377;
0.5,66,0.19095802307128906;
0.75,66,0.19002699851989746;
1,66,0.1883389949798584;
