alpha, makespan, duration;
0.25,71,0.2740490436553955;
0.5,71,0.2726247310638428;
0.75,71,0.25172996520996094;
1,71,0.25084781646728516;
