alpha, makespan, duration;
0.25,77,0.22747373580932617;
0.5,77,0.23111605644226074;
0.75,77,0.2327423095703125;
1,77,0.20329904556274414;
