alpha, makespan, duration;
0.25,83,0.270078182220459;
0.5,83,0.25566887855529785;
0.75,83,0.2635529041290283;
1,83,0.2378690242767334;
