alpha, makespan, duration;
0.25,80,0.22430801391601562;
0.5,79,0.20819878578186035;
0.75,79,0.2103898525238037;
1,79,0.20458483695983887;
