alpha, makespan, duration;
0.25,78,0.3197808265686035;
0.5,77,0.29674792289733887;
0.75,77,0.3210580348968506;
1,77,0.31714773178100586;
