alpha, makespan, duration;
0.25,84,0.3397512435913086;
0.5,84,0.32666015625;
0.75,84,0.3587779998779297;
1,84,0.3136482238769531;
