alpha, makespan, duration;
0.25,79,0.8708286285400391;
0.5,77,0.9541010856628418;
0.75,76,0.5979039669036865;
1,76,0.28009891510009766;
