alpha, makespan, duration;
0.25,93,0.2146592140197754;
0.5,93,0.21339011192321777;
0.75,93,0.2163398265838623;
1,93,0.21958303451538086;
