alpha, makespan, duration;
0.25,81,0.4445157051086426;
0.5,81,0.25939178466796875;
0.75,79,0.27891993522644043;
1,80,0.3244612216949463;
