alpha, makespan, duration;
0.25,65,0.21817421913146973;
0.5,65,0.22676610946655273;
0.75,65,0.2164459228515625;
1,65,0.2018890380859375;
