alpha, makespan, duration;
0.25,76,0.2068171501159668;
0.5,76,0.20467901229858398;
0.75,76,0.21065402030944824;
1,76,0.20250988006591797;
