alpha, makespan, duration;
0.25,72,0.30402326583862305;
0.5,72,0.28914880752563477;
0.75,72,0.30360913276672363;
1,72,0.25841307640075684;
