alpha, makespan, duration;
0.25,73,0.3632678985595703;
0.5,73,0.4274461269378662;
0.75,73,0.31699085235595703;
1,73,0.35552191734313965;
