alpha, makespan, duration;
0.25,70,0.20937085151672363;
0.5,70,0.21200990676879883;
0.75,70,0.21028399467468262;
1,70,0.19053912162780762;
