alpha, makespan, duration;
0.25,82,0.2934579849243164;
0.5,82,0.30428600311279297;
0.75,82,0.2860579490661621;
1,82,0.28610920906066895;
