alpha, makespan, duration;
0.25,56,0.6581931114196777;
0.5,56,0.37082695960998535;
0.75,56,0.2831740379333496;
1,56,0.2939879894256592;
