alpha, makespan, duration;
0.25,61,0.28059816360473633;
0.5,61,0.2827131748199463;
0.75,61,0.2553699016571045;
1,61,0.25675535202026367;
