alpha, makespan, duration;
0.25,76,0.6050450801849365;
0.5,76,0.8258869647979736;
0.75,76,0.5318820476531982;
1,76,0.2913351058959961;
