alpha, makespan, duration;
0.25,90,0.2635359764099121;
0.5,90,0.2659602165222168;
0.75,90,0.26012396812438965;
1,90,0.25869107246398926;
