alpha, makespan, duration;
0.25,71,0.20595502853393555;
0.5,71,0.20122694969177246;
0.75,71,0.19645190238952637;
1,71,0.19455599784851074;
