alpha, makespan, duration;
0.25,76,0.22528386116027832;
0.5,76,0.22551417350769043;
0.75,76,0.23175716400146484;
1,76,0.22522187232971191;
