alpha, makespan, duration;
0.25,75,0.40505290031433105;
0.5,75,0.28299617767333984;
0.75,75,0.3501732349395752;
1,75,0.612872838973999;
