alpha, makespan, duration;
0.25,69,0.185319185256958;
0.5,69,0.19232726097106934;
0.75,69,0.1905972957611084;
1,69,0.1901869773864746;
