alpha, makespan, duration;
0.25,87,0.24879217147827148;
0.5,87,0.24042892456054688;
0.75,93,0.260120153427124;
1,87,0.2613718509674072;
