alpha, makespan, duration;
0.25,73,0.3021667003631592;
0.5,73,0.3674650192260742;
0.75,73,0.2994351387023926;
1,73,0.28439807891845703;
