alpha, makespan, duration;
0.25,77,0.23714423179626465;
0.5,77,0.22983980178833008;
0.75,77,0.22905588150024414;
1,77,0.20917582511901855;
