alpha, makespan, duration;
0.25,61,0.1832411289215088;
0.5,61,0.18138647079467773;
0.75,61,0.1810140609741211;
1,61,0.1744978427886963;
