alpha, makespan, duration;
0.25,89,0.2641172409057617;
0.5,89,0.2574031352996826;
0.75,89,0.25961804389953613;
1,89,0.24538493156433105;
