alpha, makespan, duration;
0.25,77,0.22871112823486328;
0.5,77,0.2258598804473877;
0.75,77,0.23038411140441895;
1,77,0.22550702095031738;
