alpha, makespan, duration;
0.25,69,0.20779204368591309;
0.5,69,0.2092440128326416;
0.75,66,0.20679974555969238;
1,66,0.19722294807434082;
