alpha, makespan, duration;
0.25,86,0.2615499496459961;
0.5,86,0.25708699226379395;
0.75,86,0.2606539726257324;
1,86,0.22933697700500488;
