alpha, makespan, duration;
0.25,68,0.1882321834564209;
0.5,68,0.18438196182250977;
0.75,68,0.18419623374938965;
1,68,0.1888270378112793;
