alpha, makespan, duration;
0.25,66,0.20666909217834473;
0.5,66,0.2021198272705078;
0.75,66,0.20626211166381836;
1,66,0.1943979263305664;
