alpha, makespan, duration;
0.25,68,0.23037290573120117;
0.5,66,0.22864484786987305;
0.75,66,0.23488092422485352;
1,68,0.21968698501586914;
