alpha, makespan, duration;
0.25,72,0.1815328598022461;
0.5,72,0.1839890480041504;
0.75,68,0.18054604530334473;
1,67,0.1771240234375;
