alpha, makespan, duration;
0.25,74,0.211669921875;
0.5,73,0.2084200382232666;
0.75,73,0.21283292770385742;
1,73,0.21158576011657715;
