alpha, makespan, duration;
0.25,75,0.2280869483947754;
0.5,75,0.23998427391052246;
0.75,75,0.22725605964660645;
1,75,0.2195751667022705;
