alpha, makespan, duration;
0.25,79,0.21514177322387695;
0.5,79,0.2132279872894287;
0.75,79,0.20901703834533691;
1,79,0.21744894981384277;
