alpha, makespan, duration;
0.25,90,0.30873608589172363;
0.5,90,0.300274133682251;
0.75,90,0.3228909969329834;
1,90,0.29830503463745117;
