alpha, makespan, duration;
0.25,91,0.32635974884033203;
0.5,91,0.3143448829650879;
0.75,91,0.3262913227081299;
1,91,0.5753319263458252;
