alpha, makespan, duration;
0.25,99,0.2764890193939209;
0.5,95,0.28668212890625;
0.75,95,0.2754800319671631;
1,94,0.2774488925933838;
