alpha, makespan, duration;
0.25,66,0.19624900817871094;
0.5,66,0.19271612167358398;
0.75,66,0.19226789474487305;
1,66,0.17165398597717285;
