alpha, makespan, duration;
0.25,70,0.2623317241668701;
0.5,70,0.2706940174102783;
0.75,70,0.25470495223999023;
1,70,0.2576279640197754;
