alpha, makespan, duration;
0.25,78,0.22636699676513672;
0.5,78,0.2161400318145752;
0.75,78,0.21395206451416016;
1,78,0.20589327812194824;
