alpha, makespan, duration;
0.25,81,0.25292491912841797;
0.5,81,0.24319887161254883;
0.75,81,0.2525901794433594;
1,81,0.23235106468200684;
