alpha, makespan, duration;
0.25,64,0.20394086837768555;
0.5,64,0.19990301132202148;
0.75,64,0.19430971145629883;
1,64,0.1826472282409668;
