alpha, makespan, duration;
0.25,63,0.2021629810333252;
0.5,63,0.1922461986541748;
0.75,62,0.19176697731018066;
1,62,0.18011808395385742;
