alpha, makespan, duration;
0.25,77,0.22271370887756348;
0.5,77,0.22201085090637207;
0.75,77,0.22810816764831543;
1,77,0.2077031135559082;
