alpha, makespan, duration;
0.25,89,0.2509579658508301;
0.5,89,0.2446439266204834;
0.75,89,0.24920010566711426;
1,89,0.23144030570983887;
