alpha, makespan, duration;
0.25,85,0.2669639587402344;
0.5,85,0.2657182216644287;
0.75,85,0.2639460563659668;
1,85,0.24281811714172363;
