alpha, makespan, duration;
0.25,84,0.2174539566040039;
0.5,84,0.21283316612243652;
0.75,84,0.21309804916381836;
1,84,0.2075791358947754;
