alpha, makespan, duration;
0.25,79,0.22731494903564453;
0.5,79,0.23537302017211914;
0.75,79,0.2363741397857666;
1,79,0.226348876953125;
