alpha, makespan, duration;
0.25,71,0.29628682136535645;
0.5,71,0.3002440929412842;
0.75,71,0.27901196479797363;
1,71,0.25806188583374023;
