alpha, makespan, duration;
0.25,65,0.8443849086761475;
0.5,65,0.7123761177062988;
0.75,65,0.46239399909973145;
1,65,0.8150439262390137;
