alpha, makespan, duration;
0.25,75,0.20601916313171387;
0.5,75,0.19410991668701172;
0.75,75,0.21848106384277344;
1,75,0.21856093406677246;
