alpha, makespan, duration;
0.25,60,0.19589567184448242;
0.5,60,0.19675374031066895;
0.75,60,0.19112873077392578;
1,60,0.17445921897888184;
