alpha, makespan, duration;
0.25,73,0.20586490631103516;
0.5,73,0.20589113235473633;
0.75,73,0.20235204696655273;
1,73,0.2016611099243164;
