alpha, makespan, duration;
0.25,73,0.19951701164245605;
0.5,73,0.20534896850585938;
0.75,73,0.19994187355041504;
1,73,0.18091893196105957;
