alpha, makespan, duration;
0.25,74,0.2962942123413086;
0.5,74,0.3101511001586914;
0.75,74,0.3061490058898926;
1,74,0.4305000305175781;
