alpha, makespan, duration;
0.25,57,0.18908905982971191;
0.5,57,0.1846461296081543;
0.75,57,0.17953085899353027;
1,57,0.18286991119384766;
