alpha, makespan, duration;
0.25,74,0.3002889156341553;
0.5,74,0.272263765335083;
0.75,74,0.30525708198547363;
1,74,0.3276939392089844;
