alpha, makespan, duration;
0.25,75,1.1466917991638184;
0.5,75,1.1596081256866455;
0.75,75,1.3540520668029785;
1,75,0.6285390853881836;
