alpha, makespan, duration;
0.25,74,0.2945699691772461;
0.5,74,0.6167268753051758;
0.75,74,0.5685031414031982;
1,74,1.7017428874969482;
