alpha, makespan, duration;
0.25,67,0.23096084594726562;
0.5,67,0.22948479652404785;
0.75,67,0.2299022674560547;
1,67,0.21820402145385742;
