alpha, makespan, duration;
0.25,84,0.2681422233581543;
0.5,84,0.2680027484893799;
0.75,84,0.27620697021484375;
1,84,0.27510905265808105;
