alpha, makespan, duration;
0.25,78,0.22527599334716797;
0.5,78,0.2164320945739746;
0.75,78,0.21322226524353027;
1,78,0.21063828468322754;
