alpha, makespan, duration;
0.25,73,0.19218707084655762;
0.5,73,0.19108796119689941;
0.75,73,0.1903679370880127;
1,73,0.19558501243591309;
