alpha, makespan, duration;
0.25,77,0.29833197593688965;
0.5,77,0.30322980880737305;
0.75,77,0.29480814933776855;
1,77,0.26854705810546875;
