alpha, makespan, duration;
0.25,102,0.3124420642852783;
0.5,102,0.32776689529418945;
0.75,101,0.3262310028076172;
1,101,0.31243014335632324;
