alpha, makespan, duration;
0.25,78,0.24781107902526855;
0.5,78,0.252871036529541;
0.75,78,0.2521400451660156;
1,78,0.2313380241394043;
