alpha, makespan, duration;
0.25,93,0.28357720375061035;
0.5,93,0.2881941795349121;
0.75,93,0.2930309772491455;
1,93,0.27980804443359375;
