alpha, makespan, duration;
0.25,76,0.2536308765411377;
0.5,76,0.24384713172912598;
0.75,76,0.24188685417175293;
1,76,0.23814916610717773;
