alpha, makespan, duration;
0.25,87,0.3448798656463623;
0.5,87,0.3554039001464844;
0.75,86,0.344951868057251;
1,78,0.30565500259399414;
