alpha, makespan, duration;
0.25,76,0.2514829635620117;
0.5,76,0.2478640079498291;
0.75,76,0.24684500694274902;
1,76,0.22113299369812012;
