alpha, makespan, duration;
0.25,115,0.4721689224243164;
0.5,115,0.39872193336486816;
0.75,115,0.4023878574371338;
1,115,0.41979479789733887;
