alpha, makespan, duration;
0.25,60,0.23718595504760742;
0.5,59,0.22706317901611328;
0.75,59,0.22657275199890137;
1,59,0.21963882446289062;
