alpha, makespan, duration;
0.25,84,0.3186187744140625;
0.5,84,0.4565401077270508;
0.75,84,0.30817222595214844;
1,84,0.31078100204467773;
