alpha, makespan, duration;
0.25,69,0.593170166015625;
0.5,69,0.273360013961792;
0.75,69,0.27129411697387695;
1,67,0.2905099391937256;
