alpha, makespan, duration;
0.25,64,0.1885991096496582;
0.5,64,0.1855318546295166;
0.75,64,0.18592405319213867;
1,64,0.1786649227142334;
