alpha, makespan, duration;
0.25,72,0.2515709400177002;
0.5,71,0.2589149475097656;
0.75,71,0.2585170269012451;
1,72,0.21108007431030273;
