alpha, makespan, duration;
0.25,77,0.21031785011291504;
0.5,77,0.21183323860168457;
0.75,77,0.21345782279968262;
1,77,0.20276689529418945;
