alpha, makespan, duration;
0.25,101,0.45217418670654297;
0.5,101,0.4321880340576172;
0.75,101,0.40132594108581543;
1,95,0.42974209785461426;
