alpha, makespan, duration;
0.25,74,0.24441194534301758;
0.5,74,0.24352097511291504;
0.75,74,0.23798084259033203;
1,74,0.22531700134277344;
