alpha, makespan, duration;
0.25,96,0.3352172374725342;
0.5,96,0.334136962890625;
0.75,96,0.3302459716796875;
1,96,0.29834580421447754;
