alpha, makespan, duration;
0.25,93,0.2924621105194092;
0.5,93,0.28759193420410156;
0.75,79,0.2809727191925049;
1,78,0.26227664947509766;
