alpha, makespan, duration;
0.25,71,0.24149107933044434;
0.5,71,0.22871708869934082;
0.75,71,0.22967314720153809;
1,69,0.21452784538269043;
