alpha, makespan, duration;
0.25,66,0.4211089611053467;
0.5,66,0.28734803199768066;
0.75,66,0.2864341735839844;
1,66,0.25618815422058105;
