alpha, makespan, duration;
0.25,62,0.28626394271850586;
0.5,62,0.3117249011993408;
0.75,62,0.3182179927825928;
1,62,0.28237295150756836;
