alpha, makespan, duration;
0.25,69,0.3065810203552246;
0.5,69,0.3078289031982422;
0.75,69,0.29553794860839844;
1,69,0.26437997817993164;
