alpha, makespan, duration;
0.25,81,0.2499709129333496;
0.5,81,0.25921034812927246;
0.75,81,0.26387977600097656;
1,81,0.24477005004882812;
