alpha, makespan, duration;
0.25,69,0.20828986167907715;
0.5,69,0.20473289489746094;
0.75,69,0.20299386978149414;
1,69,0.18419408798217773;
