alpha, makespan, duration;
0.25,62,0.15944290161132812;
0.5,62,0.1634678840637207;
0.75,62,0.1677417755126953;
1,61,0.16273212432861328;
