alpha, makespan, duration;
0.25,94,0.34302687644958496;
0.5,94,0.33682799339294434;
0.75,94,0.3445010185241699;
1,94,0.31301403045654297;
