alpha, makespan, duration;
0.25,121,0.8686139583587646;
0.5,121,1.1943678855895996;
0.75,116,0.6310648918151855;
1,114,0.5686979293823242;
