alpha, makespan, duration;
0.25,88,0.33223605155944824;
0.5,88,0.31040382385253906;
0.75,88,0.3054981231689453;
1,88,0.30460214614868164;
