alpha, makespan, duration;
0.25,84,0.20704913139343262;
0.5,84,0.1996288299560547;
0.75,84,0.19869589805603027;
1,84,0.18010282516479492;
