alpha, makespan, duration;
0.25,72,0.2897179126739502;
0.5,72,0.2871589660644531;
0.75,72,0.29073286056518555;
1,72,0.26120615005493164;
