alpha, makespan, duration;
0.25,78,0.30991387367248535;
0.5,78,0.3107168674468994;
0.75,78,0.31293392181396484;
1,78,0.30739712715148926;
