alpha, makespan, duration;
0.25,73,0.21520209312438965;
0.5,73,0.20109081268310547;
0.75,73,0.20247507095336914;
1,73,0.18786907196044922;
