alpha, makespan, duration;
0.25,71,0.2050940990447998;
0.5,71,0.20756793022155762;
0.75,71,0.21332693099975586;
1,71,0.19571304321289062;
