alpha, makespan, duration;
0.25,64,0.1941671371459961;
0.5,64,0.19186186790466309;
0.75,64,0.19920706748962402;
1,64,0.19414877891540527;
