alpha, makespan, duration;
0.25,59,0.227783203125;
0.5,59,0.22413897514343262;
0.75,59,0.22418785095214844;
1,59,0.2165687084197998;
