alpha, makespan, duration;
0.25,86,0.5614809989929199;
0.5,83,0.6719629764556885;
0.75,83,0.4891321659088135;
1,86,0.43520617485046387;
