alpha, makespan, duration;
0.25,85,0.34956812858581543;
0.5,85,0.49283885955810547;
0.75,85,0.3422088623046875;
1,85,0.32262611389160156;
