alpha, makespan, duration;
0.25,86,0.5459229946136475;
0.5,86,0.38936281204223633;
0.75,79,0.6843271255493164;
1,78,0.6513111591339111;
