alpha, makespan, duration;
0.25,86,0.26550984382629395;
0.5,86,0.2644979953765869;
0.75,86,0.26744985580444336;
1,76,0.24909377098083496;
