alpha, makespan, duration;
0.25,77,0.3434109687805176;
0.5,77,0.34982991218566895;
0.75,77,0.5051388740539551;
1,77,0.31434011459350586;
