alpha, makespan, duration;
0.25,104,0.33905911445617676;
0.5,104,0.3193190097808838;
0.75,105,0.3197159767150879;
1,104,0.3177199363708496;
