alpha, makespan, duration;
0.25,75,0.1923210620880127;
0.5,75,0.19001197814941406;
0.75,75,0.18865418434143066;
1,75,0.18307805061340332;
