alpha, makespan, duration;
0.25,87,0.24088501930236816;
0.5,87,0.24073386192321777;
0.75,87,0.23830699920654297;
1,87,0.23520517349243164;
