alpha, makespan, duration;
0.25,71,0.2914290428161621;
0.5,71,0.29195332527160645;
0.75,69,0.2845151424407959;
1,69,0.2909061908721924;
