alpha, makespan, duration;
0.25,77,0.3093400001525879;
0.5,77,0.30707693099975586;
0.75,77,0.31174206733703613;
1,77,0.2848992347717285;
