alpha, makespan, duration;
0.25,73,0.2912921905517578;
0.5,73,0.29546427726745605;
0.75,73,0.2882699966430664;
1,73,0.25015997886657715;
