alpha, makespan, duration;
0.25,81,0.21452713012695312;
0.5,81,0.20875120162963867;
0.75,81,0.2087569236755371;
1,81,0.211777925491333;
