alpha, makespan, duration;
0.25,70,0.20856595039367676;
0.5,70,0.2079310417175293;
0.75,70,0.21458697319030762;
1,70,0.21579980850219727;
