alpha, makespan, duration;
0.25,83,0.293320894241333;
0.5,81,0.29421496391296387;
0.75,81,0.2720351219177246;
1,81,0.2602379322052002;
