alpha, makespan, duration;
0.25,62,0.31235694885253906;
0.5,62,0.2916419506072998;
0.75,62,0.3073141574859619;
1,62,0.3060169219970703;
