alpha, makespan, duration;
0.25,78,0.27190303802490234;
0.5,78,0.25911688804626465;
0.75,78,0.253950834274292;
1,78,0.2562689781188965;
