alpha, makespan, duration;
0.25,82,0.2692990303039551;
0.5,82,0.27974414825439453;
0.75,82,0.27221083641052246;
1,82,0.2884809970855713;
