alpha, makespan, duration;
0.25,57,0.24518084526062012;
0.5,57,0.2402188777923584;
0.75,57,0.32485485076904297;
1,57,0.22385907173156738;
