alpha, makespan, duration;
0.25,98,0.32179975509643555;
0.5,98,0.31583476066589355;
0.75,98,0.32765984535217285;
1,98,0.311506986618042;
