alpha, makespan, duration;
0.25,69,0.34880614280700684;
0.5,69,0.3413360118865967;
0.75,69,0.3373260498046875;
1,67,0.34621095657348633;
