alpha, makespan, duration;
0.25,74,0.28196263313293457;
0.5,68,0.2619500160217285;
0.75,66,0.264768123626709;
1,70,0.24441909790039062;
