alpha, makespan, duration;
0.25,67,0.20460796356201172;
0.5,67,0.2065880298614502;
0.75,67,0.20509099960327148;
1,67,0.18263506889343262;
