alpha, makespan, duration;
0.25,88,0.39362311363220215;
0.5,88,0.3965418338775635;
0.75,88,0.37787914276123047;
1,88,0.3966999053955078;
