alpha, makespan, duration;
0.25,78,0.23001909255981445;
0.5,78,0.22925710678100586;
0.75,78,0.2274761199951172;
1,81,0.24618196487426758;
