alpha, makespan, duration;
0.25,72,0.24367284774780273;
0.5,72,0.24590802192687988;
0.75,72,0.24991989135742188;
1,72,0.23475408554077148;
