alpha, makespan, duration;
0.25,79,0.2255859375;
0.5,79,0.22469401359558105;
0.75,79,0.22973203659057617;
1,79,0.23267412185668945;
