alpha, makespan, duration;
0.25,78,0.2588670253753662;
0.5,78,0.2568080425262451;
0.75,78,0.26932716369628906;
1,77,0.2453298568725586;
