alpha, makespan, duration;
0.25,104,0.3150210380554199;
0.5,104,0.38547587394714355;
0.75,104,0.32274627685546875;
1,103,0.31296420097351074;
