alpha, makespan, duration;
0.25,66,0.22178983688354492;
0.5,64,0.21253395080566406;
0.75,66,0.21698999404907227;
1,66,0.2187342643737793;
