alpha, makespan, duration;
0.25,81,0.23203611373901367;
0.5,81,0.23209691047668457;
0.75,81,0.22633123397827148;
1,76,0.22628402709960938;
