alpha, makespan, duration;
0.25,83,0.39313793182373047;
0.5,80,0.4043910503387451;
0.75,75,0.5069160461425781;
1,82,0.4378678798675537;
