alpha, makespan, duration;
0.25,84,0.38965702056884766;
0.5,84,0.37021589279174805;
0.75,84,0.40385985374450684;
1,84,0.3437809944152832;
