alpha, makespan, duration;
0.25,80,0.7029969692230225;
0.5,80,0.4158310890197754;
0.75,80,0.3885078430175781;
1,80,0.338698148727417;
