alpha, makespan, duration;
0.25,74,0.2617170810699463;
0.5,74,0.2732868194580078;
0.75,74,0.25072574615478516;
1,74,0.23009204864501953;
