alpha, makespan, duration;
0.25,78,0.20392608642578125;
0.5,78,0.19962096214294434;
0.75,78,0.2043149471282959;
1,78,0.20597600936889648;
