alpha, makespan, duration;
0.25,76,0.20601582527160645;
0.5,76,0.20122694969177246;
0.75,76,0.2002580165863037;
1,76,0.19090890884399414;
