alpha, makespan, duration;
0.25,77,0.34610795974731445;
0.5,76,0.5026047229766846;
0.75,76,0.6369199752807617;
1,75,0.32398176193237305;
