alpha, makespan, duration;
0.25,78,0.2543148994445801;
0.5,78,0.255047082901001;
0.75,78,0.23961091041564941;
1,78,0.23711681365966797;
