alpha, makespan, duration;
0.25,73,0.23869991302490234;
0.5,73,0.23198485374450684;
0.75,72,0.23416900634765625;
1,72,0.22487926483154297;
