alpha, makespan, duration;
0.25,77,0.2149181365966797;
0.5,77,0.21080541610717773;
0.75,77,0.20286107063293457;
1,77,0.19870209693908691;
