alpha, makespan, duration;
0.25,82,0.29605603218078613;
0.5,82,0.294403076171875;
0.75,82,0.297760009765625;
1,82,0.27274441719055176;
