alpha, makespan, duration;
0.25,73,0.2868988513946533;
0.5,73,0.30426979064941406;
0.75,73,0.40581774711608887;
1,73,0.2695469856262207;
