alpha, makespan, duration;
0.25,69,0.23583173751831055;
0.5,69,0.23038697242736816;
0.75,69,0.23297595977783203;
1,69,0.21288394927978516;
