alpha, makespan, duration;
0.25,87,0.2656819820404053;
0.5,87,0.26227259635925293;
0.75,87,0.2694840431213379;
1,87,0.2646169662475586;
