alpha, makespan, duration;
0.25,73,0.22734618186950684;
0.5,73,0.22507882118225098;
0.75,73,0.22157597541809082;
1,73,0.22561883926391602;
