alpha, makespan, duration;
0.25,86,0.32520008087158203;
0.5,86,0.3155980110168457;
0.75,86,0.3249390125274658;
1,86,0.3314518928527832;
