alpha, makespan, duration;
0.25,60,0.34702181816101074;
0.5,60,0.47667980194091797;
0.75,60,0.22941327095031738;
1,58,0.2714719772338867;
