alpha, makespan, duration;
0.25,75,0.25542712211608887;
0.5,75,0.2570810317993164;
0.75,75,0.24945569038391113;
1,75,0.23366904258728027;
