alpha, makespan, duration;
0.25,82,0.2749459743499756;
0.5,82,0.261415958404541;
0.75,82,0.2623879909515381;
1,82,0.25492000579833984;
