alpha, makespan, duration;
0.25,113,0.458770751953125;
0.5,111,0.4450199604034424;
0.75,111,0.4639439582824707;
1,103,0.4393000602722168;
