alpha, makespan, duration;
0.25,86,0.23195695877075195;
0.5,86,0.2286839485168457;
0.75,86,0.22562098503112793;
1,86,0.21264314651489258;
