alpha, makespan, duration;
0.25,58,0.26560330390930176;
0.5,58,0.26700806617736816;
0.75,58,0.2658979892730713;
1,58,0.2588846683502197;
