alpha, makespan, duration;
0.25,67,0.27512407302856445;
0.5,69,0.2867741584777832;
0.75,69,0.27204084396362305;
1,69,0.272357702255249;
