alpha, makespan, duration;
0.25,78,0.553318977355957;
0.5,78,0.35982394218444824;
0.75,78,0.3563268184661865;
1,78,0.3059680461883545;
