alpha, makespan, duration;
0.25,75,0.2623438835144043;
0.5,75,0.3132197856903076;
0.75,75,0.684859037399292;
1,75,0.41405296325683594;
