alpha, makespan, duration;
0.25,66,0.3032970428466797;
0.5,64,0.31655192375183105;
0.75,64,0.3176231384277344;
1,62,0.27905726432800293;
