alpha, makespan, duration;
0.25,70,0.2237098217010498;
0.5,70,0.2125251293182373;
0.75,70,0.2288508415222168;
1,70,0.21885919570922852;
