alpha, makespan, duration;
0.25,92,0.30062389373779297;
0.5,92,0.2967228889465332;
0.75,92,0.3006258010864258;
1,87,0.275007963180542;
