alpha, makespan, duration;
0.25,85,0.3526630401611328;
0.5,84,0.34561586380004883;
0.75,84,0.3460538387298584;
1,84,0.3271622657775879;
