alpha, makespan, duration;
0.25,70,0.234940767288208;
0.5,70,0.24936604499816895;
0.75,70,0.23234987258911133;
1,70,0.22906804084777832;
