alpha, makespan, duration;
0.25,66,0.18308305740356445;
0.5,66,0.1830310821533203;
0.75,66,0.18105411529541016;
1,66,0.18342995643615723;
