alpha, makespan, duration;
0.25,82,0.212385892868042;
0.5,82,0.20714592933654785;
0.75,82,0.2080841064453125;
1,82,0.20523905754089355;
