alpha, makespan, duration;
0.25,73,0.24754714965820312;
0.5,73,0.2484591007232666;
0.75,73,0.24187397956848145;
1,73,0.2408287525177002;
