alpha, makespan, duration;
0.25,53,0.18870091438293457;
0.5,53,0.24451208114624023;
0.75,53,0.21852517127990723;
1,53,0.19557595252990723;
