alpha, makespan, duration;
0.25,77,0.44512200355529785;
0.5,80,0.7138791084289551;
0.75,77,0.3783748149871826;
1,76,0.3237309455871582;
