alpha, makespan, duration;
0.25,99,0.2658669948577881;
0.5,99,0.2749598026275635;
0.75,99,0.271547794342041;
1,99,0.2632782459259033;
