alpha, makespan, duration;
0.25,76,0.30606603622436523;
0.5,77,0.3281228542327881;
0.75,76,0.3323938846588135;
1,72,0.3296020030975342;
