alpha, makespan, duration;
0.25,88,0.393176794052124;
0.5,88,0.3875260353088379;
0.75,88,0.4081761837005615;
1,88,0.4290289878845215;
