alpha, makespan, duration;
0.25,85,0.28542613983154297;
0.5,85,0.283602237701416;
0.75,85,0.2853050231933594;
1,85,0.2758462429046631;
