alpha, makespan, duration;
0.25,78,0.25875377655029297;
0.5,78,0.25447797775268555;
0.75,78,0.25502920150756836;
1,78,0.24677610397338867;
