alpha, makespan, duration;
0.25,74,0.27251505851745605;
0.5,74,0.25815391540527344;
0.75,74,0.24679827690124512;
1,74,0.24038219451904297;
