alpha, makespan, duration;
0.25,66,0.2581758499145508;
0.5,66,0.23673200607299805;
0.75,66,0.23248887062072754;
1,66,0.23321318626403809;
