alpha, makespan, duration;
0.25,63,0.21050596237182617;
0.5,63,0.219282865524292;
0.75,63,0.21767187118530273;
1,63,0.21311211585998535;
