alpha, makespan, duration;
0.25,67,0.21658802032470703;
0.5,67,0.23007798194885254;
0.75,67,0.22555112838745117;
1,67,0.21680307388305664;
