alpha, makespan, duration;
0.25,77,0.2624971866607666;
0.5,77,0.2414381504058838;
0.75,77,0.24006986618041992;
1,77,0.23427391052246094;
