alpha, makespan, duration;
0.25,76,0.8106727600097656;
0.5,76,0.3479430675506592;
0.75,76,1.3155810832977295;
1,76,0.7842428684234619;
