alpha, makespan, duration;
0.25,75,0.3417837619781494;
0.5,75,0.3364429473876953;
0.75,75,0.38108015060424805;
1,75,0.35718798637390137;
