alpha, makespan, duration;
0.25,82,0.28737902641296387;
0.5,82,0.28615903854370117;
0.75,82,0.28395915031433105;
1,82,0.2527599334716797;
