alpha, makespan, duration;
0.25,89,0.3589000701904297;
0.5,89,0.3538057804107666;
0.75,89,0.3616347312927246;
1,89,0.3346219062805176;
