alpha, makespan, duration;
0.25,66,0.3636801242828369;
0.5,66,0.2761259078979492;
0.75,66,0.2589089870452881;
1,66,0.2362041473388672;
