alpha, makespan, duration;
0.25,61,0.21603083610534668;
0.5,61,0.209975004196167;
0.75,61,0.21016907691955566;
1,61,0.20448613166809082;
