alpha, makespan, duration;
0.25,66,0.17265677452087402;
0.5,66,0.17004084587097168;
0.75,66,0.17109131813049316;
1,66,0.16076922416687012;
