alpha, makespan, duration;
0.25,75,0.24301791191101074;
0.5,75,0.24540090560913086;
0.75,75,0.23686790466308594;
1,75,0.23481202125549316;
