alpha, makespan, duration;
0.25,61,0.25872206687927246;
0.5,61,0.2546350955963135;
0.75,61,0.2529110908508301;
1,61,0.20533466339111328;
