alpha, makespan, duration;
0.25,107,0.5020291805267334;
0.5,104,0.4999113082885742;
0.75,103,0.5157291889190674;
1,99,0.48630404472351074;
