alpha, makespan, duration;
0.25,109,0.348675012588501;
0.5,109,0.3423769474029541;
0.75,109,0.3403818607330322;
1,109,0.33490800857543945;
