alpha, makespan, duration;
0.25,79,0.2803661823272705;
0.5,79,0.2738070487976074;
0.75,79,0.2656700611114502;
1,79,0.2640657424926758;
