alpha, makespan, duration;
0.25,72,0.24103808403015137;
0.5,72,0.25020599365234375;
0.75,72,0.22146916389465332;
1,72,0.22671723365783691;
