alpha, makespan, duration;
0.25,97,0.315946102142334;
0.5,100,0.30376100540161133;
0.75,100,0.30067992210388184;
1,100,0.30164623260498047;
