alpha, makespan, duration;
0.25,69,0.3667759895324707;
0.5,69,0.35349178314208984;
0.75,69,0.33800292015075684;
1,69,0.36745190620422363;
