alpha, makespan, duration;
0.25,73,0.22537803649902344;
0.5,73,0.23024320602416992;
0.75,73,0.22724080085754395;
1,73,0.229935884475708;
