alpha, makespan, duration;
0.25,85,0.2559540271759033;
0.5,85,0.24829888343811035;
0.75,85,0.24941706657409668;
1,85,0.24141907691955566;
