alpha, makespan, duration;
0.25,83,0.31955575942993164;
0.5,83,0.3308699131011963;
0.75,83,0.32807111740112305;
1,83,0.3084840774536133;
