alpha, makespan, duration;
0.25,59,0.2611267566680908;
0.5,59,0.2622959613800049;
0.75,59,0.26178693771362305;
1,59,0.2080531120300293;
