alpha, makespan, duration;
0.25,79,0.24784588813781738;
0.5,79,0.24917292594909668;
0.75,79,0.24233627319335938;
1,79,0.24095797538757324;
