alpha, makespan, duration;
0.25,68,0.29937005043029785;
0.5,68,0.289625883102417;
0.75,68,0.2916526794433594;
1,68,0.30548095703125;
