alpha, makespan, duration;
0.25,75,0.2538421154022217;
0.5,75,0.2513389587402344;
0.75,75,0.2450108528137207;
1,75,0.2367839813232422;
