alpha, makespan, duration;
0.25,61,0.16420316696166992;
0.5,61,0.16254591941833496;
0.75,61,0.16186094284057617;
1,61,0.1635301113128662;
