alpha, makespan, duration;
0.25,79,0.3654921054840088;
0.5,79,0.3557889461517334;
0.75,79,0.3667740821838379;
1,79,0.31350231170654297;
