alpha, makespan, duration;
0.25,85,0.3732328414916992;
0.5,85,0.3694429397583008;
0.75,85,0.36656904220581055;
1,85,0.3110508918762207;
