alpha, makespan, duration;
0.25,77,0.24470210075378418;
0.5,77,0.2520291805267334;
0.75,77,0.24573111534118652;
1,77,0.24498295783996582;
