alpha, makespan, duration;
0.25,88,0.294586181640625;
0.5,88,0.29616308212280273;
0.75,88,0.2989330291748047;
1,88,0.2641570568084717;
