alpha, makespan, duration;
0.25,82,0.24885296821594238;
0.5,82,0.24393796920776367;
0.75,82,0.2517850399017334;
1,82,0.24204492568969727;
