alpha, makespan, duration;
0.25,87,0.26621508598327637;
0.5,87,0.2600522041320801;
0.75,87,0.2661550045013428;
1,87,0.2560238838195801;
