alpha, makespan, duration;
0.25,71,0.27801990509033203;
0.5,71,0.270751953125;
0.75,71,0.27526307106018066;
1,71,0.27047181129455566;
