alpha, makespan, duration;
0.25,88,0.3422417640686035;
0.5,87,0.27309703826904297;
0.75,87,0.2680778503417969;
1,87,0.25927305221557617;
