alpha, makespan, duration;
0.25,72,0.23488807678222656;
0.5,72,0.23230290412902832;
0.75,72,0.23686504364013672;
1,72,0.21545100212097168;
