alpha, makespan, duration;
0.25,95,0.30873703956604004;
0.5,95,0.3017430305480957;
0.75,95,0.2979891300201416;
1,95,0.2733769416809082;
