alpha, makespan, duration;
0.25,69,0.21639084815979004;
0.5,69,0.22119402885437012;
0.75,69,0.2250220775604248;
1,69,0.21750593185424805;
