alpha, makespan, duration;
0.25,84,0.35691118240356445;
0.5,84,0.33702683448791504;
0.75,84,0.3375539779663086;
1,84,0.34342098236083984;
