alpha, makespan, duration;
0.25,71,0.3198738098144531;
0.5,71,0.3123748302459717;
0.75,71,0.33042287826538086;
1,71,0.2954831123352051;
