alpha, makespan, duration;
0.25,81,0.23578286170959473;
0.5,81,0.23946118354797363;
0.75,81,0.24140071868896484;
1,81,0.24634385108947754;
