alpha, makespan, duration;
0.25,72,0.2583181858062744;
0.5,72,0.2517549991607666;
0.75,72,0.24256014823913574;
1,72,0.2440168857574463;
