alpha, makespan, duration;
0.25,69,0.23597311973571777;
0.5,69,0.2304840087890625;
0.75,69,0.23970317840576172;
1,69,0.21475601196289062;
