alpha, makespan, duration;
0.25,67,0.2375929355621338;
0.5,67,0.23800301551818848;
0.75,67,0.23156189918518066;
1,67,0.221710205078125;
