alpha, makespan, duration;
0.25,83,0.7090837955474854;
0.5,83,0.5336167812347412;
0.75,83,0.48850202560424805;
1,83,0.4357028007507324;
