alpha, makespan, duration;
0.25,67,0.2175140380859375;
0.5,67,0.21900701522827148;
0.75,67,0.2135920524597168;
1,67,0.20146608352661133;
