alpha, makespan, duration;
0.25,76,0.24802732467651367;
0.5,76,0.24686408042907715;
0.75,76,0.2435929775238037;
1,76,0.23704910278320312;
