alpha, makespan, duration;
0.25,83,0.43818187713623047;
0.5,83,0.41971492767333984;
0.75,83,0.4157068729400635;
1,83,0.4093167781829834;
