alpha, makespan, duration;
0.25,88,0.32389211654663086;
0.5,88,0.29442787170410156;
0.75,88,0.29190611839294434;
1,88,0.28220224380493164;
