alpha, makespan, duration;
0.25,79,0.7069580554962158;
0.5,79,0.28710389137268066;
0.75,79,0.3866739273071289;
1,79,1.3388538360595703;
