alpha, makespan, duration;
0.25,94,0.33170032501220703;
0.5,94,0.3349430561065674;
0.75,94,0.33428406715393066;
1,90,0.32355523109436035;
