alpha, makespan, duration;
0.25,91,0.2779042720794678;
0.5,91,0.26909685134887695;
0.75,91,0.2691221237182617;
1,91,0.25179576873779297;
