alpha, makespan, duration;
0.25,65,0.23803973197937012;
0.5,65,0.24432706832885742;
0.75,65,0.23599481582641602;
1,65,0.22820615768432617;
