alpha, makespan, duration;
0.25,88,0.2646059989929199;
0.5,88,0.2660202980041504;
0.75,88,0.2757728099822998;
1,88,0.26136207580566406;
