alpha, makespan, duration;
0.25,68,0.2117781639099121;
0.5,68,0.1947498321533203;
0.75,68,0.2854299545288086;
1,68,0.523169994354248;
