alpha, makespan, duration;
0.25,70,0.25451183319091797;
0.5,70,0.24728989601135254;
0.75,70,0.24724197387695312;
1,70,0.23062682151794434;
