alpha, makespan, duration;
0.25,61,0.6034829616546631;
0.5,61,0.5144572257995605;
0.75,61,0.28498077392578125;
1,61,0.2064061164855957;
