alpha, makespan, duration;
0.25,77,0.30699610710144043;
0.5,77,0.3247239589691162;
0.75,77,0.34203386306762695;
1,77,0.31870317459106445;
