alpha, makespan, duration;
0.25,81,0.3226351737976074;
0.5,81,0.31933116912841797;
0.75,81,0.33359622955322266;
1,81,0.315061092376709;
