alpha, makespan, duration;
0.25,80,0.3421366214752197;
0.5,80,0.3451049327850342;
0.75,80,0.32142066955566406;
1,80,0.31258392333984375;
