alpha, makespan, duration;
0.25,71,0.2514832019805908;
0.5,71,0.25235414505004883;
0.75,71,0.2509138584136963;
1,71,0.22194886207580566;
