alpha, makespan, duration;
0.25,80,0.26863718032836914;
0.5,80,0.2691371440887451;
0.75,80,0.26904988288879395;
1,80,0.23332715034484863;
