alpha, makespan, duration;
0.25,76,0.24460291862487793;
0.5,76,0.2548828125;
0.75,76,0.24522113800048828;
1,76,0.23990392684936523;
