alpha, makespan, duration;
0.25,88,0.39037489891052246;
0.5,88,0.3708930015563965;
0.75,88,0.3710918426513672;
1,88,0.32349610328674316;
