alpha, makespan, duration;
0.25,75,0.2264258861541748;
0.5,75,0.21959805488586426;
0.75,75,0.222398042678833;
1,74,0.21808099746704102;
