alpha, makespan, duration;
0.25,75,0.2157759666442871;
0.5,75,0.22114205360412598;
0.75,75,0.22002410888671875;
1,75,0.22029614448547363;
