alpha, makespan, duration;
0.25,102,0.3245570659637451;
0.5,102,0.3151259422302246;
0.75,102,0.3125312328338623;
1,102,0.3057689666748047;
