alpha, makespan, duration;
0.25,82,0.2570071220397949;
0.5,82,0.24216294288635254;
0.75,82,0.246185302734375;
1,82,0.23006319999694824;
