alpha, makespan, duration;
0.25,69,0.22699403762817383;
0.5,69,0.2303638458251953;
0.75,69,0.23725509643554688;
1,69,0.21529412269592285;
