alpha, makespan, duration;
0.25,85,0.46747493743896484;
0.5,85,0.4324779510498047;
0.75,85,0.4517531394958496;
1,85,0.417370080947876;
