alpha, makespan, duration;
0.25,84,0.7585129737854004;
0.5,84,0.550203800201416;
0.75,84,0.34009695053100586;
1,84,0.333345890045166;
