alpha, makespan, duration;
0.25,79,0.34907102584838867;
0.5,79,0.3489820957183838;
0.75,79,0.34342098236083984;
1,79,0.3372941017150879;
