alpha, makespan, duration;
0.25,74,0.2971837520599365;
0.5,74,0.28591108322143555;
0.75,74,0.28321003913879395;
1,74,0.2684149742126465;
