alpha, makespan, duration;
0.25,71,0.24660921096801758;
0.5,71,0.24997520446777344;
0.75,71,0.24772191047668457;
1,71,0.23764491081237793;
