alpha, makespan, duration;
0.25,86,0.37160706520080566;
0.5,86,0.3645639419555664;
0.75,86,0.348020076751709;
1,86,0.345905065536499;
