alpha, makespan, duration;
0.25,70,0.2940800189971924;
0.5,70,0.2999308109283447;
0.75,70,0.2727200984954834;
1,70,0.26985883712768555;
