alpha, makespan, duration;
0.25,66,0.3478279113769531;
0.5,66,0.35784912109375;
0.75,66,0.3690917491912842;
1,66,0.3074350357055664;
