alpha, makespan, duration;
0.25,79,0.4760451316833496;
0.5,79,0.25069427490234375;
0.75,79,0.25402402877807617;
1,79,0.30965089797973633;
