alpha, makespan, duration;
0.25,70,0.26222705841064453;
0.5,70,0.2575540542602539;
0.75,70,0.25560688972473145;
1,70,0.2526059150695801;
