alpha, makespan, duration;
0.25,72,0.2473161220550537;
0.5,72,0.24867987632751465;
0.75,72,0.24335789680480957;
1,72,0.21422290802001953;
