alpha, makespan, duration;
0.25,88,0.2750389575958252;
0.5,88,0.2689070701599121;
0.75,88,0.2759690284729004;
1,88,0.2465527057647705;
