alpha, makespan, duration;
0.25,77,0.3028271198272705;
0.5,77,0.3201301097869873;
0.75,77,0.3095519542694092;
1,77,0.29241394996643066;
