alpha, makespan, duration;
0.25,78,0.2973182201385498;
0.5,78,0.304703950881958;
0.75,78,0.3524019718170166;
1,78,0.2944612503051758;
