alpha, makespan, duration;
0.25,72,0.23899507522583008;
0.5,72,0.23027586936950684;
0.75,72,0.23153996467590332;
1,72,0.21788287162780762;
