alpha, makespan, duration;
0.25,80,0.24405503273010254;
0.5,80,0.24210715293884277;
0.75,80,0.23476409912109375;
1,80,0.23383402824401855;
