alpha, makespan, duration;
0.25,72,0.20024514198303223;
0.5,72,0.19479775428771973;
0.75,72,0.19837427139282227;
1,72,0.18622112274169922;
