alpha, makespan, duration;
0.25,59,0.2375650405883789;
0.5,59,0.22878098487854004;
0.75,59,0.22487902641296387;
1,59,0.20478105545043945;
