alpha, makespan, duration;
0.25,92,0.716763973236084;
0.5,92,0.3816399574279785;
0.75,92,0.37676382064819336;
1,90,0.3605489730834961;
