alpha, makespan, duration;
0.25,85,0.2889888286590576;
0.5,81,0.26152801513671875;
0.75,81,0.2608621120452881;
1,81,0.2479088306427002;
