alpha, makespan, duration;
0.25,85,0.18457412719726562;
0.5,85,0.18380212783813477;
0.75,85,0.179703950881958;
1,85,0.18671798706054688;
