alpha, makespan, duration;
0.25,56,0.25606393814086914;
0.5,56,0.2599461078643799;
0.75,56,0.28906917572021484;
1,56,0.22315526008605957;
