alpha, makespan, duration;
0.25,76,0.1955089569091797;
0.5,76,0.19681692123413086;
0.75,76,0.2039170265197754;
1,76,0.18091893196105957;
