alpha, makespan, duration;
0.25,102,0.6034810543060303;
0.5,102,0.7965519428253174;
0.75,102,0.9265520572662354;
1,101,0.616030216217041;
