alpha, makespan, duration;
0.25,80,0.5404858589172363;
0.5,80,0.30515074729919434;
0.75,80,0.25156378746032715;
1,79,0.21540212631225586;
