alpha, makespan, duration;
0.25,62,0.2505781650543213;
0.5,62,0.2473139762878418;
0.75,62,0.246063232421875;
1,62,0.21978306770324707;
