alpha, makespan, duration;
0.25,87,0.32506680488586426;
0.5,87,0.3174002170562744;
0.75,87,0.4520578384399414;
1,87,0.3359837532043457;
