alpha, makespan, duration;
0.25,85,0.18505501747131348;
0.5,85,0.17695307731628418;
0.75,85,0.17890310287475586;
1,80,0.17474818229675293;
