alpha, makespan, duration;
0.25,52,0.16138386726379395;
0.5,52,0.15952610969543457;
0.75,52,0.1556861400604248;
1,52,0.13874411582946777;
