alpha, makespan, duration;
0.25,61,0.1772909164428711;
0.5,60,0.170151948928833;
0.75,60,0.1718292236328125;
1,60,0.15866899490356445;
