alpha, makespan, duration;
0.25,54,0.15599989891052246;
0.5,54,0.15111684799194336;
0.75,54,0.15095925331115723;
1,54,0.14896011352539062;
