alpha, makespan, duration;
0.25,67,0.2651698589324951;
0.5,65,0.2530200481414795;
0.75,65,0.26690006256103516;
1,65,0.2526431083679199;
