alpha, makespan, duration;
0.25,66,0.23416996002197266;
0.5,66,0.2420969009399414;
0.75,66,0.25972795486450195;
1,66,0.23821687698364258;
