alpha, makespan, duration;
0.25,83,0.28994321823120117;
0.5,83,0.2845180034637451;
0.75,83,0.2933950424194336;
1,83,0.28392910957336426;
