alpha, makespan, duration;
0.25,65,0.2064218521118164;
0.5,63,0.19069409370422363;
0.75,60,0.17441987991333008;
1,60,0.16856718063354492;
