alpha, makespan, duration;
0.25,89,0.2816028594970703;
0.5,78,0.26960206031799316;
0.75,78,0.2764608860015869;
1,81,0.2583439350128174;
