alpha, makespan, duration;
0.25,69,0.24227285385131836;
0.5,69,0.2404170036315918;
0.75,69,0.24485564231872559;
1,69,0.2297511100769043;
