alpha, makespan, duration;
0.25,55,0.1686866283416748;
0.5,54,0.16475796699523926;
0.75,55,0.16243267059326172;
1,58,0.1612248420715332;
