alpha, makespan, duration;
0.25,65,0.18301129341125488;
0.5,65,0.18526077270507812;
0.75,65,0.18908071517944336;
1,65,0.18053197860717773;
