alpha, makespan, duration;
0.25,80,0.22909212112426758;
0.5,80,0.22450017929077148;
0.75,79,0.21387624740600586;
1,79,0.377288818359375;
