alpha, makespan, duration;
0.25,61,0.16802477836608887;
0.5,61,0.163665771484375;
0.75,61,0.16001319885253906;
1,61,0.15671610832214355;
