alpha, makespan, duration;
0.25,73,0.18373489379882812;
0.5,73,0.1880340576171875;
0.75,73,0.1839296817779541;
1,73,0.17676210403442383;
