alpha, makespan, duration;
0.25,75,0.5485548973083496;
0.5,75,0.42224621772766113;
0.75,75,0.2724897861480713;
1,75,0.24251413345336914;
