alpha, makespan, duration;
0.25,73,0.2017357349395752;
0.5,73,0.2040388584136963;
0.75,73,0.19803524017333984;
1,73,0.19069576263427734;
