alpha, makespan, duration;
0.25,68,0.1620941162109375;
0.5,68,0.20751595497131348;
0.75,68,0.20203185081481934;
1,67,0.19494104385375977;
