alpha, makespan, duration;
0.25,68,0.180283784866333;
0.5,68,0.17798399925231934;
0.75,68,0.17404603958129883;
1,68,0.16851401329040527;
