alpha, makespan, duration;
0.25,66,0.24913835525512695;
0.5,62,0.23693203926086426;
0.75,62,0.3424551486968994;
1,61,0.6301240921020508;
