alpha, makespan, duration;
0.25,45,0.13558697700500488;
0.5,45,0.13972687721252441;
0.75,45,0.14480900764465332;
1,45,0.14555716514587402;
