alpha, makespan, duration;
0.25,64,0.1741020679473877;
0.5,64,0.17899394035339355;
0.75,63,0.1751711368560791;
1,63,0.17203998565673828;
