alpha, makespan, duration;
0.25,66,0.16753292083740234;
0.5,66,0.16838383674621582;
0.75,66,0.16508698463439941;
1,66,0.16644287109375;
