alpha, makespan, duration;
0.25,86,0.22442913055419922;
0.5,86,0.22266888618469238;
0.75,86,0.2247600555419922;
1,86,0.21271014213562012;
