alpha, makespan, duration;
0.25,67,0.18404674530029297;
0.5,67,0.17858099937438965;
0.75,67,0.1765749454498291;
1,67,0.16084027290344238;
