alpha, makespan, duration;
0.25,90,0.24354100227355957;
0.5,90,0.23100900650024414;
0.75,90,0.23543500900268555;
1,90,0.2241382598876953;
