alpha, makespan, duration;
0.25,72,0.17436528205871582;
0.5,72,0.17783427238464355;
0.75,72,0.17455005645751953;
1,72,0.182358980178833;
