alpha, makespan, duration;
0.25,78,0.1907949447631836;
0.5,78,0.19291114807128906;
0.75,78,0.19250893592834473;
1,78,0.18512606620788574;
