alpha, makespan, duration;
0.25,64,0.20293927192687988;
0.5,64,0.20933818817138672;
0.75,64,0.19710516929626465;
1,64,0.20608019828796387;
