alpha, makespan, duration;
0.25,83,0.23935699462890625;
0.5,83,0.25192809104919434;
0.75,83,0.24623990058898926;
1,83,0.23324990272521973;
