alpha, makespan, duration;
0.25,57,0.13494467735290527;
0.5,57,0.13506507873535156;
0.75,57,0.14542102813720703;
1,57,0.14259886741638184;
