alpha, makespan, duration;
0.25,62,0.1634840965270996;
0.5,62,0.16087126731872559;
0.75,62,0.1571040153503418;
1,62,0.1643509864807129;
