alpha, makespan, duration;
0.25,65,0.17871832847595215;
0.5,65,0.16880297660827637;
0.75,65,0.1776583194732666;
1,65,0.16150784492492676;
