alpha, makespan, duration;
0.25,68,0.2612740993499756;
0.5,68,0.2586338520050049;
0.75,68,0.2583580017089844;
1,67,0.25449514389038086;
