alpha, makespan, duration;
0.25,59,0.5502150058746338;
0.5,59,0.22487783432006836;
0.75,59,0.23925495147705078;
1,59,0.20687580108642578;
