alpha, makespan, duration;
0.25,84,0.2108469009399414;
0.5,84,0.2018272876739502;
0.75,84,0.20683789253234863;
1,84,0.19088315963745117;
