alpha, makespan, duration;
0.25,80,0.20247387886047363;
0.5,80,0.20484399795532227;
0.75,80,0.20227503776550293;
1,80,0.2515239715576172;
