alpha, makespan, duration;
0.25,63,0.22379422187805176;
0.5,63,0.22771096229553223;
0.75,63,0.2281818389892578;
1,63,0.2041149139404297;
