alpha, makespan, duration;
0.25,65,0.16638493537902832;
0.5,65,0.1634058952331543;
0.75,65,0.16562604904174805;
1,65,0.16285014152526855;
