alpha, makespan, duration;
0.25,98,0.21398282051086426;
0.5,98,0.21493983268737793;
0.75,98,0.21294784545898438;
1,98,0.20771193504333496;
