alpha, makespan, duration;
0.25,81,0.31072497367858887;
0.5,81,0.30260777473449707;
0.75,81,0.332028865814209;
1,81,0.2792069911956787;
