alpha, makespan, duration;
0.25,72,0.22417783737182617;
0.5,72,0.2615838050842285;
0.75,72,0.2515578269958496;
1,72,0.21788692474365234;
