alpha, makespan, duration;
0.25,62,0.21771597862243652;
0.5,61,0.20973682403564453;
0.75,61,0.19679689407348633;
1,61,0.23075079917907715;
