alpha, makespan, duration;
0.25,91,0.7571828365325928;
0.5,91,0.3343958854675293;
0.75,91,0.30597496032714844;
1,91,0.7769732475280762;
