alpha, makespan, duration;
0.25,66,0.19613122940063477;
0.5,66,0.18703103065490723;
0.75,66,0.19047117233276367;
1,66,0.17780280113220215;
