alpha, makespan, duration;
0.25,66,0.2325589656829834;
0.5,66,0.25409603118896484;
0.75,66,0.23213696479797363;
1,66,0.28513407707214355;
