alpha, makespan, duration;
0.25,53,0.14613103866577148;
0.5,53,0.14288997650146484;
0.75,53,0.1414051055908203;
1,53,0.1467151641845703;
