alpha, makespan, duration;
0.25,78,0.20274901390075684;
0.5,75,0.18169713020324707;
0.75,75,0.17851996421813965;
1,75,0.174818754196167;
