alpha, makespan, duration;
0.25,66,0.19176506996154785;
0.5,66,0.17573928833007812;
0.75,66,0.18599796295166016;
1,66,0.16883397102355957;
