alpha, makespan, duration;
0.25,66,0.18901586532592773;
0.5,66,0.1786651611328125;
0.75,66,0.18018007278442383;
1,66,0.17314696311950684;
