alpha, makespan, duration;
0.25,93,0.9726662635803223;
0.5,93,0.9702379703521729;
0.75,93,0.9529201984405518;
1,93,0.9629290103912354;
