alpha, makespan, duration;
0.25,98,0.9861679077148438;
0.5,98,1.0019629001617432;
0.75,98,0.9912929534912109;
1,98,1.0033848285675049;
