alpha, makespan, duration;
0.25,105,1.1663939952850342;
0.5,105,1.1766409873962402;
0.75,105,1.1728489398956299;
1,105,1.045192003250122;
