alpha, makespan, duration;
0.25,102,1.2423160076141357;
0.5,102,1.2068438529968262;
0.75,102,1.225884199142456;
1,102,1.1799674034118652;
