alpha, makespan, duration;
0.25,101,1.305501937866211;
0.5,101,1.316481113433838;
0.75,101,1.31520676612854;
1,101,1.2393479347229004;
