alpha, makespan, duration;
0.25,115,1.233933925628662;
0.5,115,1.234616994857788;
0.75,112,1.2144050598144531;
1,104,1.0156290531158447;
