alpha, makespan, duration;
0.25,91,1.2537930011749268;
0.5,90,1.2099509239196777;
0.75,91,1.2546131610870361;
1,93,1.111504316329956;
