alpha, makespan, duration;
0.25,87,0.8315792083740234;
0.5,87,0.8425760269165039;
0.75,87,0.839622974395752;
1,87,0.8316080570220947;
