alpha, makespan, duration;
0.25,100,1.0612049102783203;
0.5,98,1.032905101776123;
0.75,98,1.0203149318695068;
1,99,0.9716689586639404;
