alpha, makespan, duration;
0.25,81,1.0025320053100586;
0.5,81,1.0329961776733398;
0.75,81,1.0223388671875;
1,81,0.9478328227996826;
