alpha, makespan, duration;
0.25,99,1.1209449768066406;
0.5,96,1.0832698345184326;
0.75,99,1.076448917388916;
1,94,1.0426139831542969;
