alpha, makespan, duration;
0.25,101,1.0316150188446045;
0.5,101,1.0335569381713867;
0.75,101,1.0382418632507324;
1,101,1.0127408504486084;
