alpha, makespan, duration;
0.25,80,0.9897019863128662;
0.5,80,1.0023281574249268;
0.75,80,1.0186471939086914;
1,80,0.9820890426635742;
