alpha, makespan, duration;
0.25,100,1.2224812507629395;
0.5,100,1.2117199897766113;
0.75,100,1.210906982421875;
1,100,1.097801923751831;
