alpha, makespan, duration;
0.25,89,0.7804977893829346;
0.5,89,0.766021728515625;
0.75,91,0.7662997245788574;
1,88,0.746121883392334;
