alpha, makespan, duration;
0.25,82,0.8196980953216553;
0.5,79,0.8178751468658447;
0.75,80,0.8200528621673584;
1,76,0.8080959320068359;
