alpha, makespan, duration;
0.25,94,1.2213718891143799;
0.5,94,1.2306342124938965;
0.75,94,1.230736255645752;
1,94,1.1006531715393066;
