alpha, makespan, duration;
0.25,87,1.1567308902740479;
0.5,87,1.112818956375122;
0.75,87,1.1250920295715332;
1,87,1.079434871673584;
