alpha, makespan, duration;
0.25,91,0.8512237071990967;
0.5,91,0.8450870513916016;
0.75,91,0.8518409729003906;
1,91,0.7987539768218994;
