alpha, makespan, duration;
0.25,92,1.1571509838104248;
0.5,92,1.0664808750152588;
0.75,87,1.051973819732666;
1,87,0.9299380779266357;
