alpha, makespan, duration;
0.25,89,1.1806378364562988;
0.5,84,1.0265798568725586;
0.75,84,1.0215799808502197;
1,84,0.9333081245422363;
