alpha, makespan, duration;
0.25,88,0.8478929996490479;
0.5,88,0.8540101051330566;
0.75,88,0.8649442195892334;
1,90,0.8271570205688477;
