alpha, makespan, duration;
0.25,96,1.0270469188690186;
0.5,96,1.0313358306884766;
0.75,96,1.0194058418273926;
1,96,1.0454630851745605;
