alpha, makespan, duration;
0.25,127,1.2089440822601318;
0.5,129,1.1976230144500732;
0.75,122,1.2139520645141602;
1,119,1.1213581562042236;
