alpha, makespan, duration;
0.25,113,1.3265960216522217;
0.5,118,1.3013203144073486;
0.75,115,1.312502145767212;
1,115,1.1813807487487793;
