alpha, makespan, duration;
0.25,104,1.0359501838684082;
0.5,104,1.0215277671813965;
0.75,104,1.0077791213989258;
1,100,0.9505891799926758;
