alpha, makespan, duration;
0.25,102,1.1615328788757324;
0.5,102,1.0269668102264404;
0.75,102,1.0457170009613037;
1,102,1.111241102218628;
