alpha, makespan, duration;
0.25,118,1.2676806449890137;
0.5,116,1.241379976272583;
0.75,116,1.2473721504211426;
1,116,1.0858960151672363;
