alpha, makespan, duration;
0.25,74,0.9333128929138184;
0.5,73,0.9220941066741943;
0.75,73,0.9288330078125;
1,73,0.9078211784362793;
