alpha, makespan, duration;
0.25,104,1.1753909587860107;
0.5,104,1.1979539394378662;
0.75,106,1.179389238357544;
1,101,1.1004929542541504;
