alpha, makespan, duration;
0.25,99,1.1273109912872314;
0.5,99,1.1305978298187256;
0.75,99,1.1482088565826416;
1,99,1.0950720310211182;
