alpha, makespan, duration;
0.25,95,1.0506482124328613;
0.5,96,1.0262320041656494;
0.75,94,1.017090082168579;
1,94,0.9345729351043701;
