alpha, makespan, duration;
0.25,96,1.2761259078979492;
0.5,98,1.2894058227539062;
0.75,97,1.263444185256958;
1,97,1.0594029426574707;
