alpha, makespan, duration;
0.25,106,1.05743408203125;
0.5,106,1.0524201393127441;
0.75,106,1.0729289054870605;
1,106,0.9987719058990479;
