alpha, makespan, duration;
0.25,103,1.202202320098877;
0.5,103,1.2063031196594238;
0.75,103,1.1843359470367432;
1,103,1.1158568859100342;
