alpha, makespan, duration;
0.25,96,1.1424331665039062;
0.5,96,1.1370151042938232;
0.75,96,1.1240556240081787;
1,96,1.0409908294677734;
