alpha, makespan, duration;
0.25,111,1.287264108657837;
0.5,111,1.2679979801177979;
0.75,111,1.2914729118347168;
1,108,1.153899908065796;
