alpha, makespan, duration;
0.25,84,0.7745788097381592;
0.5,84,0.80039381980896;
0.75,84,0.7955679893493652;
1,84,0.8044109344482422;
