alpha, makespan, duration;
0.25,104,1.4296798706054688;
0.5,105,1.4341850280761719;
0.75,105,1.418497085571289;
1,105,1.3745050430297852;
