alpha, makespan, duration;
0.25,84,0.7737352848052979;
0.5,84,0.7822530269622803;
0.75,84,0.7797508239746094;
1,84,0.7822830677032471;
