alpha, makespan, duration;
0.25,107,1.022157907485962;
0.5,106,1.0219831466674805;
0.75,106,1.026885986328125;
1,104,0.8745388984680176;
