alpha, makespan, duration;
0.25,82,0.953974723815918;
0.5,82,0.9499309062957764;
0.75,82,0.9739959239959717;
1,82,0.9253292083740234;
