alpha, makespan, duration;
0.25,109,1.2777049541473389;
0.5,107,1.2933781147003174;
0.75,105,1.2633090019226074;
1,108,1.2473320960998535;
