alpha, makespan, duration;
0.25,81,0.8261141777038574;
0.5,81,0.8345358371734619;
0.75,81,0.8250179290771484;
1,81,0.8122270107269287;
