alpha, makespan, duration;
0.25,107,0.9557371139526367;
0.5,108,0.9359951019287109;
0.75,104,0.911607027053833;
1,105,0.9011080265045166;
