alpha, makespan, duration;
0.25,99,1.1562721729278564;
0.5,101,1.1282660961151123;
0.75,102,1.1295580863952637;
1,98,1.11631178855896;
