alpha, makespan, duration;
0.25,98,0.8688039779663086;
0.5,98,0.8587038516998291;
0.75,98,0.890294075012207;
1,93,0.8981781005859375;
