alpha, makespan, duration;
0.25,106,1.2196364402770996;
0.5,105,1.199307918548584;
0.75,106,1.2267110347747803;
1,104,1.2031049728393555;
