alpha, makespan, duration;
0.25,93,0.8402099609375;
0.5,93,0.8265998363494873;
0.75,93,0.8387088775634766;
1,93,0.8468270301818848;
