alpha, makespan, duration;
0.25,129,1.4152069091796875;
0.5,129,1.409181833267212;
0.75,129,1.397355079650879;
1,129,1.3066308498382568;
