alpha, makespan, duration;
0.25,111,1.4220449924468994;
0.5,112,1.4134159088134766;
0.75,114,1.413132667541504;
1,111,1.2644729614257812;
