alpha, makespan, duration;
0.25,86,0.8501451015472412;
0.5,86,0.8714549541473389;
0.75,89,0.8805921077728271;
1,85,0.8299961090087891;
