alpha, makespan, duration;
0.25,89,1.1130988597869873;
0.5,89,1.1104300022125244;
0.75,89,1.119797945022583;
1,89,0.9819977283477783;
