alpha, makespan, duration;
0.25,95,0.9374611377716064;
0.5,98,0.9237830638885498;
0.75,94,0.912081241607666;
1,94,0.8894500732421875;
