alpha, makespan, duration;
0.25,92,0.9568490982055664;
0.5,92,0.9721031188964844;
0.75,92,0.9791240692138672;
1,92,0.9474329948425293;
