alpha, makespan, duration;
0.25,127,1.2968757152557373;
0.5,126,1.3023638725280762;
0.75,127,1.2955780029296875;
1,126,1.2295751571655273;
