alpha, makespan, duration;
0.25,115,1.2076358795166016;
0.5,113,1.1850230693817139;
0.75,114,1.200683832168579;
1,108,1.0262091159820557;
