alpha, makespan, duration;
0.25,94,1.146012306213379;
0.5,94,1.093616008758545;
0.75,94,1.1010689735412598;
1,94,1.0762031078338623;
