alpha, makespan, duration;
0.25,122,1.3946943283081055;
0.5,118,1.4036321640014648;
0.75,116,1.3661270141601562;
1,102,0.942969799041748;
