alpha, makespan, duration;
0.25,96,0.9930942058563232;
0.5,96,0.9896481037139893;
0.75,96,0.9819481372833252;
1,96,0.9831500053405762;
