alpha, makespan, duration;
0.25,83,0.9149529933929443;
0.5,84,0.9478449821472168;
0.75,83,0.9742898941040039;
1,83,1.0539708137512207;
