alpha, makespan, duration;
0.25,73,0.7787282466888428;
0.5,73,0.7731361389160156;
0.75,73,0.7646369934082031;
1,73,0.7799100875854492;
