alpha, makespan, duration;
0.25,104,1.0486068725585938;
0.5,104,1.0615370273590088;
0.75,104,1.0408198833465576;
1,104,1.0599009990692139;
