alpha, makespan, duration;
0.25,91,1.104447841644287;
0.5,91,1.0233831405639648;
0.75,91,1.014970064163208;
1,91,0.9436278343200684;
