alpha, makespan, duration;
0.25,117,1.5999650955200195;
0.5,117,1.5309770107269287;
0.75,112,1.4284086227416992;
1,112,1.1800148487091064;
