alpha, makespan, duration;
0.25,103,1.2600080966949463;
0.5,103,1.2857940196990967;
0.75,104,1.2956628799438477;
1,103,1.2762839794158936;
