alpha, makespan, duration;
0.25,91,1.3718831539154053;
0.5,86,1.1720409393310547;
0.75,86,1.1503880023956299;
1,86,1.0934979915618896;
