alpha, makespan, duration;
0.25,92,0.9834158420562744;
0.5,92,0.9920468330383301;
0.75,92,0.9777491092681885;
1,92,0.934345006942749;
