alpha, makespan, duration;
0.25,99,1.0756888389587402;
0.5,99,1.0612847805023193;
0.75,99,1.0306718349456787;
1,99,0.9854447841644287;
