alpha, makespan, duration;
0.25,107,1.6362519264221191;
0.5,112,1.5917911529541016;
0.75,107,1.5318830013275146;
1,101,1.3733980655670166;
