alpha, makespan, duration;
0.25,111,1.2906455993652344;
0.5,109,1.2484331130981445;
0.75,108,1.1967999935150146;
1,108,1.1414389610290527;
