alpha, makespan, duration;
0.25,97,1.2083678245544434;
0.5,95,1.1875808238983154;
0.75,97,1.164762020111084;
1,97,1.106332778930664;
