alpha, makespan, duration;
0.25,83,1.1111319065093994;
0.5,83,1.0646557807922363;
0.75,83,1.1004688739776611;
1,83,0.9850387573242188;
