alpha, makespan, duration;
0.25,92,0.7893431186676025;
0.5,95,0.784477949142456;
0.75,93,0.796942949295044;
1,92,0.8062338829040527;
