alpha, makespan, duration;
0.25,108,1.150446891784668;
0.5,108,1.1396887302398682;
0.75,107,1.1297252178192139;
1,109,1.130526065826416;
