alpha, makespan, duration;
0.25,90,1.0548069477081299;
0.5,88,1.0443618297576904;
0.75,86,1.053420066833496;
1,89,0.9930899143218994;
