alpha, makespan, duration;
0.25,102,1.9728257656097412;
0.5,102,1.9054138660430908;
0.75,102,1.9518210887908936;
1,102,1.6276540756225586;
