alpha, makespan, duration;
0.25,103,1.1045548915863037;
0.5,97,1.1098589897155762;
0.75,97,1.1201097965240479;
1,97,1.1123850345611572;
