alpha, makespan, duration;
0.25,100,1.075186014175415;
0.5,100,1.059203863143921;
0.75,100,1.0520288944244385;
1,100,0.9967947006225586;
