alpha, makespan, duration;
0.25,102,1.2271530628204346;
0.5,102,1.1799988746643066;
0.75,102,1.189805030822754;
1,102,1.0673091411590576;
