alpha, makespan, duration;
0.25,104,1.2040660381317139;
0.5,104,1.167743444442749;
0.75,104,1.1930320262908936;
1,104,1.130699872970581;
