alpha, makespan, duration;
0.25,100,1.0810537338256836;
0.5,100,1.0743470191955566;
0.75,100,1.0738718509674072;
1,100,0.9782259464263916;
