alpha, makespan, duration;
0.25,108,0.9281752109527588;
0.5,108,0.9268069267272949;
0.75,108,0.9142940044403076;
1,107,0.8820490837097168;
