alpha, makespan, duration;
0.25,95,0.929567813873291;
0.5,95,0.9228518009185791;
0.75,95,0.9453890323638916;
1,94,0.8581750392913818;
