alpha, makespan, duration;
0.25,100,1.2760882377624512;
0.5,100,1.1478428840637207;
0.75,100,1.1496520042419434;
1,100,1.1097900867462158;
