alpha, makespan, duration;
0.25,112,1.1962652206420898;
0.5,108,1.1914000511169434;
0.75,108,1.166212797164917;
1,108,1.1240808963775635;
