alpha, makespan, duration;
0.25,108,1.2155518531799316;
0.5,105,1.2156479358673096;
0.75,107,1.222355842590332;
1,101,1.0798649787902832;
