alpha, makespan, duration;
0.25,116,1.2765140533447266;
0.5,116,1.2779741287231445;
0.75,116,1.2982399463653564;
1,116,1.21915602684021;
