alpha, makespan, duration;
0.25,92,0.8882811069488525;
0.5,92,0.8740320205688477;
0.75,92,0.9055099487304688;
1,92,0.8949389457702637;
