alpha, makespan, duration;
0.25,81,0.7928252220153809;
0.5,81,0.7721500396728516;
0.75,81,0.7496829032897949;
1,81,0.7887177467346191;
