alpha, makespan, duration;
0.25,101,1.003889799118042;
0.5,101,1.0035741329193115;
0.75,101,1.012660026550293;
1,101,1.0099279880523682;
