alpha, makespan, duration;
0.25,93,1.0573830604553223;
0.5,93,1.0295779705047607;
0.75,93,1.085442066192627;
1,93,1.0419421195983887;
