alpha, makespan, duration;
0.25,97,1.0536119937896729;
0.5,97,1.06532883644104;
0.75,97,1.0569672584533691;
1,97,0.993480920791626;
