alpha, makespan, duration;
0.25,100,1.1410698890686035;
0.5,100,1.1102299690246582;
0.75,100,1.122101068496704;
1,100,1.0432031154632568;
