alpha, makespan, duration;
0.25,107,1.0845959186553955;
0.5,107,1.0668768882751465;
0.75,107,1.092301845550537;
1,107,1.0410640239715576;
