alpha, makespan, duration;
0.25,102,1.1711242198944092;
0.5,102,1.19704008102417;
0.75,102,1.1979320049285889;
1,102,1.1797268390655518;
