alpha, makespan, duration;
0.25,106,1.2243869304656982;
0.5,102,1.2255969047546387;
0.75,103,1.2168259620666504;
1,102,1.18572998046875;
