alpha, makespan, duration;
0.25,138,1.527343988418579;
0.5,137,1.5526320934295654;
0.75,136,1.5221970081329346;
1,136,1.4949672222137451;
