alpha, makespan, duration;
0.25,93,0.8288402557373047;
0.5,95,0.8095359802246094;
0.75,94,0.794435977935791;
1,95,0.7652790546417236;
