alpha, makespan, duration;
0.25,113,1.3122508525848389;
0.5,112,1.2977793216705322;
0.75,106,1.2970280647277832;
1,110,1.360055923461914;
