alpha, makespan, duration;
0.25,129,1.4970648288726807;
0.5,128,1.515312910079956;
0.75,129,1.4847359657287598;
1,129,1.398374319076538;
