alpha, makespan, duration;
0.25,102,1.2195639610290527;
0.5,102,1.2028930187225342;
0.75,102,1.1986079216003418;
1,102,1.087170124053955;
