alpha, makespan, duration;
0.25,81,1.0148887634277344;
0.5,82,1.046401023864746;
0.75,83,1.0342369079589844;
1,81,0.9737799167633057;
