alpha, makespan, duration;
0.25,95,1.6066739559173584;
0.5,95,1.6549808979034424;
0.75,95,1.5444190502166748;
1,95,1.5820941925048828;
