alpha, makespan, duration;
0.25,94,0.9110128879547119;
0.5,94,0.9206399917602539;
0.75,94,0.9203391075134277;
1,94,0.8414609432220459;
