alpha, makespan, duration;
0.25,82,1.1248559951782227;
0.5,82,1.0865747928619385;
0.75,82,1.0965099334716797;
1,82,1.0201079845428467;
