alpha, makespan, duration;
0.25,102,1.0141942501068115;
0.5,101,1.0157289505004883;
0.75,101,1.0145859718322754;
1,98,0.9470498561859131;
