alpha, makespan, duration;
0.25,78,0.8586511611938477;
0.5,78,0.8375608921051025;
0.75,77,0.8446149826049805;
1,76,0.7653648853302002;
