alpha, makespan, duration;
0.25,87,0.9153919219970703;
0.5,87,0.9243271350860596;
0.75,87,0.9234848022460938;
1,85,0.8005409240722656;
