alpha, makespan, duration;
0.25,87,0.9731299877166748;
0.5,87,0.9694199562072754;
0.75,87,0.9585838317871094;
1,87,0.8771219253540039;
