alpha, makespan, duration;
0.25,95,1.1295318603515625;
0.5,91,1.1211261749267578;
0.75,91,1.1437609195709229;
1,91,1.1341989040374756;
