alpha, makespan, duration;
0.25,102,1.2102301120758057;
0.5,102,1.1992928981781006;
0.75,102,1.18442702293396;
1,102,1.163837194442749;
