alpha, makespan, duration;
0.25,75,0.7978596687316895;
0.5,75,0.7913239002227783;
0.75,75,0.8052828311920166;
1,75,0.828481912612915;
