alpha, makespan, duration;
0.25,91,1.1067111492156982;
0.5,89,1.0810070037841797;
0.75,93,1.0933868885040283;
1,96,1.102735996246338;
