alpha, makespan, duration;
0.25,92,1.039119005203247;
0.5,88,1.0139439105987549;
0.75,88,1.0166990756988525;
1,88,1.024026870727539;
