alpha, makespan, duration;
0.25,88,0.9565980434417725;
0.5,88,0.9680988788604736;
0.75,84,0.9497108459472656;
1,83,0.8010849952697754;
