alpha, makespan, duration;
0.25,74,0.8365540504455566;
0.5,74,0.852977991104126;
0.75,74,0.830996036529541;
1,75,0.7833640575408936;
