alpha, makespan, duration;
0.25,92,1.026076078414917;
0.5,92,1.029198169708252;
0.75,92,1.0395228862762451;
1,92,0.9773297309875488;
