alpha, makespan, duration;
0.25,96,1.222332239151001;
0.5,96,1.2072691917419434;
0.75,96,1.2093451023101807;
1,96,1.125032901763916;
