alpha, makespan, duration;
0.25,109,1.1466569900512695;
0.5,109,1.146442174911499;
0.75,109,1.1547791957855225;
1,109,1.1128582954406738;
