alpha, makespan, duration;
0.25,98,1.223177194595337;
0.5,98,1.2168188095092773;
0.75,98,1.2305119037628174;
1,98,1.1609458923339844;
