alpha, makespan, duration;
0.25,109,1.4289929866790771;
0.5,109,1.4661409854888916;
0.75,116,1.4503538608551025;
1,109,1.35825514793396;
