alpha, makespan, duration;
0.25,109,0.8525841236114502;
0.5,109,0.8348019123077393;
0.75,109,0.851787805557251;
1,109,0.8040981292724609;
