alpha, makespan, duration;
0.25,122,0.8861269950866699;
0.5,122,0.8960769176483154;
0.75,122,0.8918612003326416;
1,122,0.927696943283081;
