alpha, makespan, duration;
0.25,93,1.118481159210205;
0.5,87,1.0270929336547852;
0.75,89,0.9572110176086426;
1,85,0.8555760383605957;
