alpha, makespan, duration;
0.25,120,1.5272767543792725;
0.5,119,1.5323538780212402;
0.75,120,1.546138048171997;
1,125,1.4861338138580322;
