alpha, makespan, duration;
0.25,116,1.463843822479248;
0.5,116,1.2417089939117432;
0.75,116,1.7645041942596436;
1,114,1.849269151687622;
