alpha, makespan, duration;
0.25,99,0.9009571075439453;
0.5,99,0.8784162998199463;
0.75,99,0.9008448123931885;
1,99,0.8599607944488525;
