alpha, makespan, duration;
0.25,107,1.1927030086517334;
0.5,107,1.173346757888794;
0.75,107,1.1965389251708984;
1,107,1.0987169742584229;
