alpha, makespan, duration;
0.25,81,0.8365659713745117;
0.5,81,0.8234250545501709;
0.75,81,0.832240104675293;
1,81,0.7687680721282959;
