alpha, makespan, duration;
0.25,120,1.3056411743164062;
0.5,116,1.3405020236968994;
0.75,116,1.323918104171753;
1,118,1.2761471271514893;
