alpha, makespan, duration;
0.25,92,1.1154329776763916;
0.5,92,1.1388039588928223;
0.75,92,1.1672782897949219;
1,92,1.022294044494629;
