alpha, makespan, duration;
0.25,92,1.0045950412750244;
0.5,92,1.0092740058898926;
0.75,92,1.0367908477783203;
1,92,0.9130589962005615;
