alpha, makespan, duration;
0.25,104,1.2612669467926025;
0.5,104,1.2143089771270752;
0.75,104,1.2412219047546387;
1,104,1.1253888607025146;
