alpha, makespan, duration;
0.25,93,0.7732160091400146;
0.5,93,0.7785632610321045;
0.75,93,0.7598638534545898;
1,93,0.839961051940918;
