alpha, makespan, duration;
0.25,96,0.7652490139007568;
0.5,96,0.7615911960601807;
0.75,96,0.7668190002441406;
1,96,0.7737300395965576;
