alpha, makespan, duration;
0.25,103,1.0635430812835693;
0.5,103,1.1562061309814453;
0.75,103,1.1811988353729248;
1,102,1.0385699272155762;
