alpha, makespan, duration;
0.25,94,0.9770321846008301;
0.5,94,1.0147089958190918;
0.75,94,1.0194549560546875;
1,94,0.956428050994873;
