alpha, makespan, duration;
0.25,127,2.1104037761688232;
0.5,124,2.078542709350586;
0.75,119,1.611224889755249;
1,118,1.1403028964996338;
