alpha, makespan, duration;
0.25,79,0.8598079681396484;
0.5,79,0.8221480846405029;
0.75,79,0.8324501514434814;
1,79,0.8258588314056396;
