alpha, makespan, duration;
0.25,77,1.0696849822998047;
0.5,77,1.0596098899841309;
0.75,77,1.0628011226654053;
1,77,0.9361832141876221;
