alpha, makespan, duration;
0.25,99,0.8893811702728271;
0.5,99,0.8371357917785645;
0.75,99,0.840224027633667;
1,99,0.8224520683288574;
