alpha, makespan, duration;
0.25,83,1.0006470680236816;
0.5,83,0.9615569114685059;
0.75,83,0.9831709861755371;
1,83,0.9235217571258545;
