alpha, makespan, duration;
0.25,94,1.0999109745025635;
0.5,94,1.0825977325439453;
0.75,89,1.0799119472503662;
1,89,0.9838650226593018;
