alpha, makespan, duration;
0.25,91,1.2723362445831299;
0.5,91,1.137498140335083;
0.75,91,1.201643705368042;
1,91,1.1113109588623047;
