alpha, makespan, duration;
0.25,101,1.1794657707214355;
0.5,101,1.186276912689209;
0.75,101,1.1929101943969727;
1,101,1.1520850658416748;
