alpha, makespan, duration;
0.25,94,1.0326430797576904;
0.5,94,1.0186350345611572;
0.75,94,1.0355181694030762;
1,94,0.9777238368988037;
