alpha, makespan, duration;
0.25,109,1.0345280170440674;
0.5,96,0.819040060043335;
0.75,97,0.8078548908233643;
1,92,0.799004077911377;
