alpha, makespan, duration;
0.25,87,0.9695799350738525;
0.5,87,0.9713261127471924;
0.75,87,0.9980061054229736;
1,87,0.9441289901733398;
