alpha, makespan, duration;
0.25,117,1.4391729831695557;
0.5,116,1.3513290882110596;
0.75,116,1.360285997390747;
1,116,1.2126657962799072;
