alpha, makespan, duration;
0.25,108,1.2189960479736328;
0.5,107,1.2102220058441162;
0.75,106,1.2069382667541504;
1,106,1.0830919742584229;
