alpha, makespan, duration;
0.25,91,0.907768964767456;
0.5,91,0.8896257877349854;
0.75,91,0.9058640003204346;
1,91,0.8206708431243896;
