alpha, makespan, duration;
0.25,103,1.1044700145721436;
0.5,102,1.1331040859222412;
0.75,102,1.1249651908874512;
1,102,1.0728228092193604;
