alpha, makespan, duration;
0.25,87,0.8636801242828369;
0.5,87,0.8543181419372559;
0.75,87,0.8530519008636475;
1,87,0.7914021015167236;
