alpha, makespan, duration;
0.25,103,0.993549108505249;
0.5,103,1.0009040832519531;
0.75,103,0.9797608852386475;
1,103,1.0333561897277832;
