alpha, makespan, duration;
0.25,104,1.4324908256530762;
0.5,102,1.4408419132232666;
0.75,100,1.4616010189056396;
1,100,1.386875867843628;
