alpha, makespan, duration;
0.25,92,1.1943578720092773;
0.5,92,1.1228759288787842;
0.75,92,1.1076951026916504;
1,92,1.0922200679779053;
