alpha, makespan, duration;
0.25,116,1.360403060913086;
0.5,116,1.396838903427124;
0.75,116,1.3812627792358398;
1,110,1.2882697582244873;
