alpha, makespan, duration;
0.25,92,0.8763651847839355;
0.5,91,0.8299479484558105;
0.75,91,0.833392858505249;
1,91,0.8107049465179443;
