alpha, makespan, duration;
0.25,80,0.7865338325500488;
0.5,78,0.7816059589385986;
0.75,78,0.782120943069458;
1,78,0.7897257804870605;
