alpha, makespan, duration;
0.25,77,0.7782981395721436;
0.5,77,0.804072380065918;
0.75,77,0.7664430141448975;
1,77,0.7415921688079834;
