alpha, makespan, duration;
0.25,75,0.7921960353851318;
0.5,75,0.7818360328674316;
0.75,75,0.8026828765869141;
1,75,0.7415380477905273;
