alpha, makespan, duration;
0.25,85,0.8438701629638672;
0.5,85,0.8477051258087158;
0.75,84,0.8587210178375244;
1,84,0.786895751953125;
