alpha, makespan, duration;
0.25,103,1.2304980754852295;
0.5,103,1.2093172073364258;
0.75,102,1.211899995803833;
1,100,1.1858298778533936;
