alpha, makespan, duration;
0.25,122,1.4631450176239014;
0.5,122,1.433236837387085;
0.75,122,1.454491138458252;
1,122,1.2681400775909424;
