alpha, makespan, duration;
0.25,69,0.7702169418334961;
0.5,69,0.7495148181915283;
0.75,69,0.7558891773223877;
1,69,0.7656772136688232;
