alpha, makespan, duration;
0.25,101,1.2656340599060059;
0.5,101,1.19120192527771;
0.75,101,1.186617136001587;
1,101,1.1245555877685547;
