alpha, makespan, duration;
0.25,113,1.351755142211914;
0.5,114,1.3722338676452637;
0.75,114,1.3727378845214844;
1,111,1.2149238586425781;
