alpha, makespan, duration;
0.25,104,0.9603087902069092;
0.5,104,0.9007968902587891;
0.75,104,0.9149560928344727;
1,104,0.9053480625152588;
