alpha, makespan, duration;
0.25,113,1.3563530445098877;
0.5,113,1.3603641986846924;
0.75,113,1.3527600765228271;
1,113,1.2474639415740967;
