alpha, makespan, duration;
0.25,92,1.124133825302124;
0.5,92,1.1083989143371582;
0.75,92,1.1136860847473145;
1,92,1.029505968093872;
