alpha, makespan, duration;
0.25,119,1.2889378070831299;
0.5,116,1.269279956817627;
0.75,117,1.2794580459594727;
1,114,1.2663967609405518;
