alpha, makespan, duration;
0.25,82,0.7858560085296631;
0.5,82,0.789909839630127;
0.75,82,0.7920200824737549;
1,82,0.7727158069610596;
