alpha, makespan, duration;
0.25,112,1.160499095916748;
0.5,112,1.1638212203979492;
0.75,112,1.180168867111206;
1,112,1.0578229427337646;
