alpha, makespan, duration;
0.25,89,0.8325479030609131;
0.5,89,0.8190340995788574;
0.75,89,0.8216707706451416;
1,89,0.7918820381164551;
