alpha, makespan, duration;
0.25,103,1.0237009525299072;
0.5,103,1.0386178493499756;
0.75,103,1.039651870727539;
1,103,1.0213539600372314;
