alpha, makespan, duration;
0.25,102,1.0893328189849854;
0.5,102,1.1064419746398926;
0.75,102,1.0831477642059326;
1,102,1.0490837097167969;
