alpha, makespan, duration;
0.25,89,0.8774862289428711;
0.5,89,0.7794580459594727;
0.75,89,0.7780077457427979;
1,89,0.7766289710998535;
