alpha, makespan, duration;
0.25,73,0.743117094039917;
0.5,73,0.753101110458374;
0.75,73,0.7417688369750977;
1,73,0.7031841278076172;
