alpha, makespan, duration;
0.25,95,1.1000933647155762;
0.5,95,1.1053781509399414;
0.75,95,1.0717823505401611;
1,95,1.0739049911499023;
