alpha, makespan, duration;
0.25,105,0.9311978816986084;
0.5,106,0.9198441505432129;
0.75,106,0.9126410484313965;
1,109,0.8366909027099609;
