alpha, makespan, duration;
0.25,92,1.1095502376556396;
0.5,92,1.080974817276001;
0.75,92,1.0563609600067139;
1,92,1.0157272815704346;
