alpha, makespan, duration;
0.25,81,0.8465278148651123;
0.5,81,0.8595638275146484;
0.75,81,0.8534460067749023;
1,81,0.8268430233001709;
