alpha, makespan, duration;
0.25,102,1.2378041744232178;
0.5,102,1.2485859394073486;
0.75,102,1.2418901920318604;
1,102,1.2468981742858887;
