alpha, makespan, duration;
0.25,102,0.9063901901245117;
0.5,102,0.8792409896850586;
0.75,102,0.8941748142242432;
1,102,0.8081321716308594;
