alpha, makespan, duration;
0.25,89,0.8085141181945801;
0.5,89,1.0862882137298584;
0.75,89,0.7864711284637451;
1,89,0.7688419818878174;
