alpha, makespan, duration;
0.25,91,0.8836522102355957;
0.5,91,0.8946743011474609;
0.75,91,0.8819530010223389;
1,91,0.8988759517669678;
