alpha, makespan, duration;
0.25,135,1.2624499797821045;
0.5,135,1.256554126739502;
0.75,135,1.2456800937652588;
1,135,1.1996700763702393;
