alpha, makespan, duration;
0.25,93,0.9031267166137695;
0.5,93,0.9255759716033936;
0.75,93,0.8966379165649414;
1,93,0.875112771987915;
