alpha, makespan, duration;
0.25,96,1.2733490467071533;
0.5,96,1.2185730934143066;
0.75,96,1.2159271240234375;
1,96,1.1871321201324463;
