alpha, makespan, duration;
0.25,80,0.7750039100646973;
0.5,80,0.7896997928619385;
0.75,80,0.7846431732177734;
1,80,0.7126748561859131;
