alpha, makespan, duration;
0.25,112,1.1549129486083984;
0.5,116,1.160405158996582;
0.75,113,1.1454358100891113;
1,111,1.0474450588226318;
