alpha, makespan, duration;
0.25,99,1.1215322017669678;
0.5,99,1.1043481826782227;
0.75,99,1.1012630462646484;
1,99,1.0110797882080078;
