alpha, makespan, duration;
0.25,104,1.164409875869751;
0.5,103,1.1647539138793945;
0.75,104,1.1831278800964355;
1,101,1.074294090270996;
