alpha, makespan, duration;
0.25,89,0.9229719638824463;
0.5,89,0.9265689849853516;
0.75,89,0.9237103462219238;
1,89,0.9288129806518555;
