alpha, makespan, duration;
0.25,97,1.011092185974121;
0.5,97,0.9968428611755371;
0.75,97,0.998358964920044;
1,97,0.9580142498016357;
