alpha, makespan, duration;
0.25,104,1.1840472221374512;
0.5,104,1.2076051235198975;
0.75,104,1.2282791137695312;
1,101,1.2183289527893066;
