alpha, makespan, duration;
0.25,119,1.2448267936706543;
0.5,118,1.2472326755523682;
0.75,119,1.2078123092651367;
1,115,1.171180009841919;
