alpha, makespan, duration;
0.25,117,1.2244610786437988;
0.5,117,1.1996710300445557;
0.75,117,1.2126781940460205;
1,117,1.0915100574493408;
