alpha, makespan, duration;
0.25,108,1.2299902439117432;
0.5,108,1.2384090423583984;
0.75,108,1.2304518222808838;
1,108,1.2150709629058838;
