alpha, makespan, duration;
0.25,102,1.062791109085083;
0.5,101,1.0857419967651367;
0.75,101,1.0733351707458496;
1,101,1.0073699951171875;
