alpha, makespan, duration;
0.25,90,1.0170040130615234;
0.5,90,0.9711668491363525;
0.75,90,0.994636058807373;
1,90,0.9770958423614502;
