alpha, makespan, duration;
0.25,100,1.2534451484680176;
0.5,100,1.223093032836914;
0.75,100,1.2165358066558838;
1,100,1.1833839416503906;
