alpha, makespan, duration;
0.25,92,0.9453558921813965;
0.5,88,0.947030782699585;
0.75,89,0.9321179389953613;
1,93,0.9500648975372314;
