alpha, makespan, duration;
0.25,87,0.8479619026184082;
0.5,86,0.836371898651123;
0.75,86,0.8457918167114258;
1,85,0.7398319244384766;
