alpha, makespan, duration;
0.25,114,1.2707688808441162;
0.5,114,1.2627840042114258;
0.75,114,1.2498071193695068;
1,114,1.0943710803985596;
