alpha, makespan, duration;
0.25,87,1.085582971572876;
0.5,84,1.0385379791259766;
0.75,85,1.0441758632659912;
1,88,1.022355079650879;
