alpha, makespan, duration;
0.25,94,0.9480040073394775;
0.5,94,0.9181499481201172;
0.75,94,0.9153368473052979;
1,94,0.8556149005889893;
