alpha, makespan, duration;
0.25,90,1.1123371124267578;
0.5,88,1.1364681720733643;
0.75,87,1.1159300804138184;
1,93,1.1348421573638916;
