alpha, makespan, duration;
0.25,116,2.018375873565674;
0.5,111,2.038810968399048;
0.75,111,2.0148541927337646;
1,109,1.8745620250701904;
