alpha, makespan, duration;
0.25,79,0.9846656322479248;
0.5,79,0.9765241146087646;
0.75,80,0.9766452312469482;
1,79,0.9258060455322266;
