alpha, makespan, duration;
0.25,100,1.1903750896453857;
0.5,100,1.1664161682128906;
0.75,100,1.1974070072174072;
1,100,1.0302510261535645;
