alpha, makespan, duration;
0.25,104,1.1980149745941162;
0.5,104,1.2062993049621582;
0.75,101,1.175934076309204;
1,103,1.1825368404388428;
