alpha, makespan, duration;
0.25,96,1.271528959274292;
0.5,96,1.2704088687896729;
0.75,96,1.2330849170684814;
1,96,1.144179344177246;
