alpha, makespan, duration;
0.25,130,1.5318450927734375;
0.5,119,1.3339130878448486;
0.75,120,1.2670118808746338;
1,124,1.2120871543884277;
