alpha, makespan, duration;
0.25,111,1.272183895111084;
0.5,105,1.295475959777832;
0.75,107,1.2783012390136719;
1,105,1.2136380672454834;
