alpha, makespan, duration;
0.25,93,1.0786571502685547;
0.5,93,1.0470881462097168;
0.75,93,1.0686562061309814;
1,93,1.0004630088806152;
