alpha, makespan, duration;
0.25,111,1.1887261867523193;
0.5,111,1.2151241302490234;
0.75,111,1.204909086227417;
1,111,1.2196471691131592;
