alpha, makespan, duration;
0.25,108,0.8144149780273438;
0.5,108,0.8299980163574219;
0.75,108,0.8296029567718506;
1,108,0.7878530025482178;
