alpha, makespan, duration;
0.25,112,1.1619908809661865;
0.5,112,1.1356141567230225;
0.75,110,1.0950911045074463;
1,110,1.0706491470336914;
