alpha, makespan, duration;
0.25,121,1.309661865234375;
0.5,121,1.2733759880065918;
0.75,121,1.26246976852417;
1,121,1.2045190334320068;
