alpha, makespan, duration;
0.25,96,0.8322839736938477;
0.5,96,0.8340067863464355;
0.75,96,0.8370990753173828;
1,96,0.8162417411804199;
