alpha, makespan, duration;
0.25,86,0.7683029174804688;
0.5,86,0.7651987075805664;
0.75,86,0.7747139930725098;
1,86,0.7344279289245605;
