alpha, makespan, duration;
0.25,91,1.1938753128051758;
0.5,91,1.1843230724334717;
0.75,91,1.1965010166168213;
1,91,1.1257531642913818;
