alpha, makespan, duration;
0.25,94,1.179121971130371;
0.5,94,1.1283483505249023;
0.75,94,1.1330502033233643;
1,94,1.1030032634735107;
