alpha, makespan, duration;
0.25,94,0.775568962097168;
0.5,94,0.7931320667266846;
0.75,94,0.7791972160339355;
1,91,0.7444620132446289;
