alpha, makespan, duration;
0.25,92,1.032834768295288;
0.5,92,0.9803009033203125;
0.75,92,0.9817600250244141;
1,92,0.9485011100769043;
