alpha, makespan, duration;
0.25,107,1.1916542053222656;
0.5,107,1.2000858783721924;
0.75,107,1.1809108257293701;
1,107,1.1773250102996826;
