alpha, makespan, duration;
0.25,88,1.188744068145752;
0.5,88,1.1833431720733643;
0.75,88,1.2072157859802246;
1,88,1.0639867782592773;
