alpha, makespan, duration;
0.25,107,1.3773791790008545;
0.5,107,1.3801891803741455;
0.75,107,1.357429027557373;
1,107,1.256619930267334;
