alpha, makespan, duration;
0.25,115,0.8635439872741699;
0.5,115,0.8785698413848877;
0.75,115,0.8704349994659424;
1,115,0.8835101127624512;
