alpha, makespan, duration;
0.25,104,1.2539372444152832;
0.5,104,1.2759511470794678;
0.75,104,1.2577271461486816;
1,104,1.2058742046356201;
