alpha, makespan, duration;
0.25,135,1.4615159034729004;
0.5,137,1.4706768989562988;
0.75,134,1.4492902755737305;
1,133,1.5372951030731201;
