alpha, makespan, duration;
0.25,98,0.9062669277191162;
0.5,98,0.9076099395751953;
0.75,98,0.9180810451507568;
1,98,0.8285303115844727;
