alpha, makespan, duration;
0.25,92,1.0617389678955078;
0.5,92,1.0384209156036377;
0.75,92,1.0273699760437012;
1,92,0.9600019454956055;
