alpha, makespan, duration;
0.25,84,0.8191280364990234;
0.5,84,0.827362060546875;
0.75,84,0.8095319271087646;
1,83,0.8445360660552979;
