alpha, makespan, duration;
0.25,100,1.1338372230529785;
0.5,98,1.1452858448028564;
0.75,98,1.1385107040405273;
1,97,1.1231977939605713;
