alpha, makespan, duration;
0.25,80,0.9502968788146973;
0.5,78,0.937993049621582;
0.75,78,0.9385547637939453;
1,78,0.931602954864502;
