alpha, makespan, duration;
0.25,92,0.9876589775085449;
0.5,91,0.9792089462280273;
0.75,91,0.9613518714904785;
1,86,0.8458540439605713;
