alpha, makespan, duration;
0.25,93,1.088320016860962;
0.5,96,1.1217730045318604;
0.75,97,1.079319715499878;
1,88,0.9293780326843262;
