alpha, makespan, duration;
0.25,85,0.9280109405517578;
0.5,81,0.9379110336303711;
0.75,84,0.9284648895263672;
1,78,0.8070976734161377;
