alpha, makespan, duration;
0.25,99,1.063429832458496;
0.5,99,1.0050289630889893;
0.75,99,1.0031161308288574;
1,99,0.9857883453369141;
