alpha, makespan, duration;
0.25,104,1.1958560943603516;
0.5,104,1.186697006225586;
0.75,104,1.207916259765625;
1,104,1.1457233428955078;
