alpha, makespan, duration;
0.25,118,1.4524061679840088;
0.5,118,1.4301211833953857;
0.75,115,1.4337151050567627;
1,116,1.4286541938781738;
