alpha, makespan, duration;
0.25,80,0.9898970127105713;
0.5,80,0.9949119091033936;
0.75,80,0.9861347675323486;
1,80,0.9481897354125977;
