alpha, makespan, duration;
0.25,105,1.2349328994750977;
0.5,100,1.2402291297912598;
0.75,102,1.1979320049285889;
1,102,1.1651618480682373;
