alpha, makespan, duration;
0.25,97,1.063164234161377;
0.5,97,1.0395691394805908;
0.75,97,1.0217909812927246;
1,97,0.9319107532501221;
