alpha, makespan, duration;
0.25,94,0.8587303161621094;
0.5,94,0.8668339252471924;
0.75,94,0.8515799045562744;
1,94,0.869499921798706;
