alpha, makespan, duration;
0.25,117,1.2215847969055176;
0.5,117,1.2003788948059082;
0.75,117,1.1846249103546143;
1,117,1.1757049560546875;
