alpha, makespan, duration;
0.25,118,1.1595878601074219;
0.5,118,1.165104866027832;
0.75,118,1.1387107372283936;
1,118,1.0904700756072998;
