alpha, makespan, duration;
0.25,102,0.9617958068847656;
0.5,105,0.963947057723999;
0.75,104,0.9468672275543213;
1,94,0.8447821140289307;
