alpha, makespan, duration;
0.25,95,0.9236457347869873;
0.5,95,0.923241138458252;
0.75,95,0.8864743709564209;
1,95,0.8457732200622559;
