alpha, makespan, duration;
0.25,109,1.278712272644043;
0.5,109,1.3011667728424072;
0.75,109,1.2854530811309814;
1,109,1.1575679779052734;
