alpha, makespan, duration;
0.25,125,1.2227210998535156;
0.5,126,1.2014720439910889;
0.75,125,1.1947448253631592;
1,125,1.112095832824707;
