alpha, makespan, duration;
0.25,95,1.1904220581054688;
0.5,95,1.1822471618652344;
0.75,95,1.1526010036468506;
1,95,1.118034839630127;
