alpha, makespan, duration;
0.25,81,0.8111910820007324;
0.5,81,0.8041698932647705;
0.75,81,0.7963879108428955;
1,81,0.7845287322998047;
