alpha, makespan, duration;
0.25,92,0.9806110858917236;
0.5,91,0.8985600471496582;
0.75,91,0.9111819267272949;
1,91,0.8327620029449463;
