alpha, makespan, duration;
0.25,102,1.0799148082733154;
0.5,102,1.0457842350006104;
0.75,102,1.0274500846862793;
1,102,1.0238111019134521;
