alpha, makespan, duration;
0.25,83,0.9152147769927979;
0.5,82,0.9346268177032471;
0.75,83,0.9356238842010498;
1,85,0.8932180404663086;
