alpha, makespan, duration;
0.25,93,1.3494610786437988;
0.5,93,1.072906732559204;
0.75,93,1.0776538848876953;
1,93,1.0480413436889648;
