alpha, makespan, duration;
0.25,127,1.1794190406799316;
0.5,127,1.1735508441925049;
0.75,127,1.179985761642456;
1,127,1.0981829166412354;
