alpha, makespan, duration;
0.25,109,1.340221881866455;
0.5,109,1.326812982559204;
0.75,109,1.3413050174713135;
1,109,1.2695138454437256;
