alpha, makespan, duration;
0.25,87,1.0196387767791748;
0.5,87,1.0174651145935059;
0.75,87,1.0312011241912842;
1,87,1.0050709247589111;
