alpha, makespan, duration;
0.25,92,0.8820757865905762;
0.5,92,0.8879609107971191;
0.75,92,0.8633379936218262;
1,92,0.8450708389282227;
