alpha, makespan, duration;
0.25,83,0.8204841613769531;
0.5,86,0.830237865447998;
0.75,86,0.8178112506866455;
1,85,0.8325440883636475;
