alpha, makespan, duration;
0.25,108,0.8620600700378418;
0.5,108,0.8585772514343262;
0.75,108,0.8478751182556152;
1,108,0.827707052230835;
