alpha, makespan, duration;
0.25,104,1.213982105255127;
0.5,104,1.2391417026519775;
0.75,104,1.1913840770721436;
1,104,1.2004809379577637;
