alpha, makespan, duration;
0.25,113,1.2297778129577637;
0.5,113,1.2090699672698975;
0.75,113,1.2307829856872559;
1,114,1.1690480709075928;
