alpha, makespan, duration;
0.25,105,1.1023342609405518;
0.5,104,1.1084301471710205;
0.75,103,1.1134991645812988;
1,104,1.0619421005249023;
