alpha, makespan, duration;
0.25,98,1.2415962219238281;
0.5,98,1.1538238525390625;
0.75,98,1.139298677444458;
1,98,1.1271250247955322;
