alpha, makespan, duration;
0.25,111,1.1763787269592285;
0.5,111,1.1496410369873047;
0.75,111,1.1600191593170166;
1,109,1.108769178390503;
