alpha, makespan, duration;
0.25,107,1.2699058055877686;
0.5,107,1.2757830619812012;
0.75,106,1.2745850086212158;
1,106,1.1935219764709473;
