alpha, makespan, duration;
0.25,98,0.8744590282440186;
0.5,98,0.8382272720336914;
0.75,98,0.8312702178955078;
1,98,0.8358309268951416;
