alpha, makespan, duration;
0.25,109,1.0350918769836426;
0.5,109,1.0384600162506104;
0.75,109,1.0330979824066162;
1,109,1.0008831024169922;
