alpha, makespan, duration;
0.25,102,1.0783782005310059;
0.5,104,1.1230149269104004;
0.75,104,1.109616994857788;
1,102,1.0639300346374512;
