alpha, makespan, duration;
0.25,119,1.579005241394043;
0.5,118,1.5493559837341309;
0.75,119,1.532332181930542;
1,120,1.413680076599121;
