alpha, makespan, duration;
0.25,83,0.9136381149291992;
0.5,84,0.901324987411499;
0.75,88,0.894232988357544;
1,80,0.7980051040649414;
