alpha, makespan, duration;
0.25,90,1.0154240131378174;
0.5,90,1.0228841304779053;
0.75,90,1.01419997215271;
1,89,0.9821219444274902;
