alpha, makespan, duration;
0.25,116,1.0453228950500488;
0.5,110,1.0380659103393555;
0.75,116,1.0318949222564697;
1,110,1.008626937866211;
