alpha, makespan, duration;
0.25,76,0.8210036754608154;
0.5,75,0.8256709575653076;
0.75,76,0.8126790523529053;
1,75,0.7731900215148926;
