alpha, makespan, duration;
0.25,88,0.9311132431030273;
0.5,88,0.9071249961853027;
0.75,88,0.9400200843811035;
1,88,0.8392922878265381;
