alpha, makespan, duration;
0.25,90,0.8462729454040527;
0.5,90,0.8663227558135986;
0.75,90,0.8509349822998047;
1,90,0.8809521198272705;
