alpha, makespan, duration;
0.25,94,0.8378701210021973;
0.5,94,0.8328633308410645;
0.75,94,0.8310320377349854;
1,95,0.858802080154419;
