alpha, makespan, duration;
0.25,112,1.3503780364990234;
0.5,112,1.2177140712738037;
0.75,112,1.212794303894043;
1,112,1.171389102935791;
