alpha, makespan, duration;
0.25,87,1.1326310634613037;
0.5,87,1.1307499408721924;
0.75,87,1.1221890449523926;
1,87,1.0807878971099854;
