alpha, makespan, duration;
0.25,106,1.1154670715332031;
0.5,106,1.097729206085205;
0.75,106,1.0812878608703613;
1,106,1.0363037586212158;
