alpha, makespan, duration;
0.25,106,1.1706392765045166;
0.5,106,1.127683162689209;
0.75,106,1.1181550025939941;
1,106,1.1227362155914307;
