alpha, makespan, duration;
0.25,94,1.2102930545806885;
0.5,94,1.2057509422302246;
0.75,94,1.1990749835968018;
1,94,1.1865172386169434;
