alpha, makespan, duration;
0.25,88,1.005937099456787;
0.5,88,1.01552414894104;
0.75,88,1.037480354309082;
1,88,0.9855101108551025;
