alpha, makespan, duration;
0.25,81,0.9627330303192139;
0.5,81,0.9566760063171387;
0.75,81,0.9973270893096924;
1,81,0.9321999549865723;
