alpha, makespan, duration;
0.25,85,1.213669776916504;
0.5,84,1.2227447032928467;
0.75,84,1.2032928466796875;
1,83,1.1079387664794922;
