alpha, makespan, duration;
0.25,91,1.1634151935577393;
0.5,91,1.164797067642212;
0.75,91,1.1353108882904053;
1,91,1.1193268299102783;
