alpha, makespan, duration;
0.25,78,0.8298349380493164;
0.5,78,0.8199338912963867;
0.75,78,0.8115501403808594;
1,78,0.822746753692627;
