alpha, makespan, duration;
0.25,73,0.8394451141357422;
0.5,73,0.810032844543457;
0.75,73,0.7954461574554443;
1,73,0.7383630275726318;
