alpha, makespan, duration;
0.25,98,1.1321818828582764;
0.5,100,1.1009681224822998;
0.75,97,1.124372959136963;
1,93,1.037224292755127;
