alpha, makespan, duration;
0.25,98,1.3648548126220703;
0.5,98,1.3076701164245605;
0.75,97,1.2916758060455322;
1,82,0.9078657627105713;
