alpha, makespan, duration;
0.25,128,1.2520291805267334;
0.5,131,1.235910177230835;
0.75,135,1.2057700157165527;
1,126,1.1635572910308838;
