alpha, makespan, duration;
0.25,98,1.0470759868621826;
0.5,98,1.0401310920715332;
0.75,98,1.0423238277435303;
1,98,0.9785778522491455;
