alpha, makespan, duration;
0.25,93,0.8954029083251953;
0.5,93,0.8828542232513428;
0.75,91,0.8650522232055664;
1,92,0.8249862194061279;
