alpha, makespan, duration;
0.25,124,1.4500470161437988;
0.5,124,1.4093680381774902;
0.75,124,1.4016048908233643;
1,124,1.2761039733886719;
