alpha, makespan, duration;
0.25,78,0.8746821880340576;
0.5,78,0.7937562465667725;
0.75,78,0.7678041458129883;
1,78,0.7406690120697021;
