alpha, makespan, duration;
0.25,103,1.0881190299987793;
0.5,101,1.0672588348388672;
0.75,101,1.08919095993042;
1,101,1.0335171222686768;
