alpha, makespan, duration;
0.25,112,1.5403389930725098;
0.5,111,1.5384490489959717;
0.75,112,1.5029089450836182;
1,113,1.4734299182891846;
