alpha, makespan, duration;
0.25,98,1.243839979171753;
0.5,98,1.267733097076416;
0.75,98,1.2592699527740479;
1,96,1.190629005432129;
