alpha, makespan, duration;
0.25,95,0.8257520198822021;
0.5,88,0.7803730964660645;
0.75,85,0.7856109142303467;
1,85,0.7335360050201416;
