alpha, makespan, duration;
0.25,80,0.8859398365020752;
0.5,80,0.8271639347076416;
0.75,80,0.8280348777770996;
1,80,0.82505202293396;
