alpha, makespan, duration;
0.25,115,1.2385759353637695;
0.5,115,1.227816104888916;
0.75,115,1.2138428688049316;
1,115,1.23905611038208;
