alpha, makespan, duration;
0.25,85,0.8699138164520264;
0.5,81,0.8671398162841797;
0.75,81,0.8609840869903564;
1,81,0.7993960380554199;
