alpha, makespan, duration;
0.25,99,1.1966090202331543;
0.5,99,1.2043309211730957;
0.75,99,1.1894159317016602;
1,99,1.108793020248413;
