alpha, makespan, duration;
0.25,104,1.147921085357666;
0.5,104,1.12965989112854;
0.75,104,1.1228229999542236;
1,104,1.012012004852295;
