alpha, makespan, duration;
0.25,96,1.080568790435791;
0.5,96,1.0338609218597412;
0.75,96,1.0326101779937744;
1,96,0.9759171009063721;
