alpha, makespan, duration;
0.25,101,1.0418941974639893;
0.5,101,1.0294251441955566;
0.75,101,1.036910057067871;
1,101,0.9992039203643799;
