alpha, makespan, duration;
0.25,86,0.7912681102752686;
0.5,86,0.7942912578582764;
0.75,86,0.7964890003204346;
1,86,0.8415119647979736;
