alpha, makespan, duration;
0.25,105,1.265857219696045;
0.5,105,1.277522087097168;
0.75,105,1.2849071025848389;
1,105,1.2559397220611572;
