alpha, makespan, duration;
0.25,136,1.736072063446045;
0.5,137,1.7375240325927734;
0.75,140,1.7194299697875977;
1,133,1.6640300750732422;
