alpha, makespan, duration;
0.25,103,1.209625244140625;
0.5,103,1.2306501865386963;
0.75,103,1.2218341827392578;
1,100,1.0933880805969238;
