alpha, makespan, duration;
0.25,82,0.869743824005127;
0.5,82,0.8697431087493896;
0.75,82,0.8570370674133301;
1,82,0.7743690013885498;
