alpha, makespan, duration;
0.25,105,1.1446080207824707;
0.5,105,1.0913338661193848;
0.75,105,1.074469804763794;
1,105,1.0467169284820557;
