alpha, makespan, duration;
0.25,118,1.4159140586853027;
0.5,118,1.3437399864196777;
0.75,118,1.314405918121338;
1,118,1.2625768184661865;
