alpha, makespan, duration;
0.25,114,1.2469220161437988;
0.5,113,1.2673568725585938;
0.75,113,1.2002379894256592;
1,113,1.1251840591430664;
