alpha, makespan, duration;
0.25,79,0.7286510467529297;
0.5,79,0.7358920574188232;
0.75,79,0.7371947765350342;
1,79,0.7496819496154785;
