alpha, makespan, duration;
0.25,77,0.776310920715332;
0.5,77,0.8120050430297852;
0.75,77,0.7967898845672607;
1,77,0.7779810428619385;
