alpha, makespan, duration;
0.25,90,0.8321490287780762;
0.5,89,0.8594677448272705;
0.75,89,0.8621690273284912;
1,89,0.8140041828155518;
