alpha, makespan, duration;
0.25,102,1.0826139450073242;
0.5,102,1.068697214126587;
0.75,102,1.0820789337158203;
1,102,0.9850819110870361;
