alpha, makespan, duration;
0.25,97,1.2693638801574707;
0.5,97,1.2023489475250244;
0.75,97,1.2222681045532227;
1,97,1.1864957809448242;
