alpha, makespan, duration;
0.25,104,1.0261809825897217;
0.5,104,1.0568797588348389;
0.75,104,1.2296230792999268;
1,105,1.0714428424835205;
