alpha, makespan, duration;
0.25,106,1.0406229496002197;
0.5,106,1.0049028396606445;
0.75,106,1.0246598720550537;
1,106,0.9596560001373291;
