alpha, makespan, duration;
0.25,97,1.3031260967254639;
0.5,97,1.2947101593017578;
0.75,97,1.3014440536499023;
1,97,1.2186782360076904;
