alpha, makespan, duration;
0.25,91,0.7964322566986084;
0.5,91,0.7561101913452148;
0.75,91,0.7690029144287109;
1,91,0.7796661853790283;
