alpha, makespan, duration;
0.25,73,0.8595893383026123;
0.5,71,0.8718819618225098;
0.75,71,1.019482135772705;
1,72,0.9725368022918701;
