alpha, makespan, duration;
0.25,101,1.1614573001861572;
0.5,101,1.1318440437316895;
0.75,101,1.1371769905090332;
1,101,1.085439920425415;
