alpha, makespan, duration;
0.25,101,1.226315975189209;
0.5,101,1.2099781036376953;
0.75,101,1.212568998336792;
1,101,1.16853666305542;
