alpha, makespan, duration;
0.25,96,1.1975927352905273;
0.5,96,1.0925371646881104;
0.75,96,1.1054940223693848;
1,96,1.0513451099395752;
