alpha, makespan, duration;
0.25,100,1.158026933670044;
0.5,101,1.1352291107177734;
0.75,100,1.0984160900115967;
1,100,1.1339960098266602;
