alpha, makespan, duration;
0.25,82,0.7858223915100098;
0.5,79,0.781541109085083;
0.75,77,0.7614941596984863;
1,78,0.7669498920440674;
