alpha, makespan, duration;
0.25,87,1.2166228294372559;
0.5,72,0.8464329242706299;
0.75,72,0.7289137840270996;
1,72,0.7264952659606934;
