alpha, makespan, duration;
0.25,120,1.5813069343566895;
0.5,120,1.503255844116211;
0.75,120,1.4302558898925781;
1,120,1.39255690574646;
