alpha, makespan, duration;
0.25,106,1.349843978881836;
0.5,105,1.3423233032226562;
0.75,106,1.341256856918335;
1,103,1.255392074584961;
