alpha, makespan, duration;
0.25,110,1.0005900859832764;
0.5,106,1.0307929515838623;
0.75,106,0.9935228824615479;
1,106,0.9364769458770752;
