alpha, makespan, duration;
0.25,98,0.9024901390075684;
0.5,98,0.8996810913085938;
0.75,98,0.9086861610412598;
1,98,0.8458318710327148;
