alpha, makespan, duration;
0.25,105,1.2249178886413574;
0.5,105,1.2029340267181396;
0.75,105,1.2118370532989502;
1,105,1.1050796508789062;
