alpha, makespan, duration;
0.25,94,1.065821886062622;
0.5,94,1.0646920204162598;
0.75,94,1.0565459728240967;
1,94,1.0328099727630615;
