alpha, makespan, duration;
0.25,105,1.293377161026001;
0.5,105,1.290137767791748;
0.75,105,1.2686758041381836;
1,105,1.175220012664795;
