alpha, makespan, duration;
0.25,102,1.1368420124053955;
0.5,102,1.1360108852386475;
0.75,102,1.146834135055542;
1,102,1.072525978088379;
