alpha, makespan, duration;
0.25,89,0.7809419631958008;
0.5,89,0.769176721572876;
0.75,89,0.7853639125823975;
1,89,0.795382022857666;
