alpha, makespan, duration;
0.25,93,0.842968225479126;
0.5,93,0.842724084854126;
0.75,93,0.8430349826812744;
1,93,0.7747719287872314;
