alpha, makespan, duration;
0.25,82,1.0770277976989746;
0.5,82,1.09104585647583;
0.75,82,1.082056999206543;
1,82,1.0060150623321533;
