alpha, makespan, duration;
0.25,113,1.138282060623169;
0.5,114,1.1285500526428223;
0.75,115,1.1533360481262207;
1,107,1.0795691013336182;
