alpha, makespan, duration;
0.25,102,0.7716000080108643;
0.5,102,0.7687041759490967;
0.75,102,0.7686557769775391;
1,102,0.744879961013794;
