alpha, makespan, duration;
0.25,84,0.8282732963562012;
0.5,84,0.8069572448730469;
0.75,84,0.8086848258972168;
1,84,0.8130390644073486;
