alpha, makespan, duration;
0.25,90,0.8440940380096436;
0.5,89,0.8253951072692871;
0.75,89,0.8368358612060547;
1,89,0.8105530738830566;
