alpha, makespan, duration;
0.25,112,0.9609856605529785;
0.5,112,0.9788389205932617;
0.75,112,0.9977321624755859;
1,112,0.8762869834899902;
