alpha, makespan, duration;
0.25,104,1.406353235244751;
0.5,99,1.4006540775299072;
0.75,94,1.3471059799194336;
1,96,1.2647778987884521;
