alpha, makespan, duration;
0.25,89,0.7985732555389404;
0.5,89,0.7887442111968994;
0.75,89,0.7781150341033936;
1,89,0.8029110431671143;
