alpha, makespan, duration;
0.25,103,1.3293890953063965;
0.5,103,1.3015692234039307;
0.75,103,1.269500970840454;
1,103,1.1966791152954102;
