alpha, makespan, duration;
0.25,99,1.182478904724121;
0.5,99,1.1771090030670166;
0.75,99,1.1888008117675781;
1,99,1.094130039215088;
