alpha, makespan, duration;
0.25,84,1.1347088813781738;
0.5,84,1.1183879375457764;
0.75,84,1.1051158905029297;
1,84,1.025122880935669;
