alpha, makespan, duration;
0.25,104,1.3357110023498535;
0.5,101,1.3285088539123535;
0.75,101,1.322422742843628;
1,101,1.2014689445495605;
