alpha, makespan, duration;
0.25,104,1.2965266704559326;
0.5,104,1.2896728515625;
0.75,104,1.265336036682129;
1,104,1.1897070407867432;
