alpha, makespan, duration;
0.25,109,1.3345990180969238;
0.5,109,1.303110122680664;
0.75,109,1.2718892097473145;
1,109,1.2204298973083496;
