alpha, makespan, duration;
0.25,104,1.2773311138153076;
0.5,104,1.2334141731262207;
0.75,104,1.2533149719238281;
1,104,1.1861279010772705;
