alpha, makespan, duration;
0.25,100,0.8490691184997559;
0.5,100,0.8466849327087402;
0.75,100,0.8466877937316895;
1,100,0.8511078357696533;
