alpha, makespan, duration;
0.25,108,1.2337701320648193;
0.5,108,1.2288789749145508;
0.75,108,1.221940040588379;
1,106,1.108799934387207;
