alpha, makespan, duration;
0.25,98,1.2517271041870117;
0.5,98,1.2337539196014404;
0.75,98,1.2375597953796387;
1,98,1.234354019165039;
