alpha, makespan, duration;
0.25,126,2.1352970600128174;
0.5,132,2.079224109649658;
0.75,128,2.083073854446411;
1,115,1.5752270221710205;
