alpha, makespan, duration;
0.25,93,1.124319076538086;
0.5,93,1.1205041408538818;
0.75,93,1.150527000427246;
1,93,1.0919082164764404;
