alpha, makespan, duration;
0.25,90,0.7934341430664062;
0.5,91,0.8088531494140625;
0.75,90,0.8085758686065674;
1,91,0.7682716846466064;
