alpha, makespan, duration;
0.25,114,1.3315668106079102;
0.5,114,1.292935848236084;
0.75,114,1.3128612041473389;
1,114,1.22347092628479;
