alpha, makespan, duration;
0.25,80,1.1240878105163574;
0.5,80,1.1266517639160156;
0.75,80,1.147845983505249;
1,80,1.0764360427856445;
