alpha, makespan, duration;
0.25,95,1.049746036529541;
0.5,95,1.038243055343628;
0.75,95,1.0177831649780273;
1,95,0.8985702991485596;
