alpha, makespan, duration;
0.25,89,0.8057286739349365;
0.5,89,0.7997100353240967;
0.75,89,0.8067421913146973;
1,89,0.7923262119293213;
