alpha, makespan, duration;
0.25,96,1.188575029373169;
0.5,96,1.1856169700622559;
0.75,96,1.1692562103271484;
1,96,1.1132700443267822;
