alpha, makespan, duration;
0.25,81,0.8161890506744385;
0.5,81,0.8199207782745361;
0.75,81,0.8114848136901855;
1,81,0.8097200393676758;
