alpha, makespan, duration;
0.25,100,1.1634039878845215;
0.5,100,1.1717109680175781;
0.75,100,1.1791470050811768;
1,98,1.0519511699676514;
