alpha, makespan, duration;
0.25,93,1.374342918395996;
0.5,96,1.3652479648590088;
0.75,95,1.3525121212005615;
1,93,1.2207167148590088;
