alpha, makespan, duration;
0.25,101,1.0229711532592773;
0.5,101,1.0047791004180908;
0.75,101,1.0402202606201172;
1,101,1.0272431373596191;
