alpha, makespan, duration;
0.25,113,1.2264599800109863;
0.5,113,1.2165641784667969;
0.75,113,1.18271803855896;
1,113,1.1521642208099365;
