alpha, makespan, duration;
0.25,138,1.4749479293823242;
0.5,138,1.4609489440917969;
0.75,138,1.4943130016326904;
1,138,1.2732326984405518;
