alpha, makespan, duration;
0.25,85,1.1394290924072266;
0.5,83,1.0601470470428467;
0.75,85,1.065748929977417;
1,83,0.9625179767608643;
