alpha, makespan, duration;
0.25,99,1.008530855178833;
0.5,99,1.0407707691192627;
0.75,98,1.019089937210083;
1,95,0.9554979801177979;
