alpha, makespan, duration;
0.25,105,1.1051959991455078;
0.5,104,1.1103689670562744;
0.75,105,1.148223876953125;
1,105,1.017199993133545;
