alpha, makespan, duration;
0.25,109,1.086597204208374;
0.5,109,1.0662322044372559;
0.75,109,1.053598165512085;
1,109,1.043036937713623;
