alpha, makespan, duration;
0.25,109,1.1688001155853271;
0.5,109,1.1387829780578613;
0.75,109,1.115779161453247;
1,109,1.0757598876953125;
