alpha, makespan, duration;
0.25,106,1.0211400985717773;
0.5,107,1.025566816329956;
0.75,107,1.0260179042816162;
1,104,0.9963371753692627;
