alpha, makespan, duration;
0.25,107,1.2805259227752686;
0.5,107,1.2300999164581299;
0.75,107,1.1801421642303467;
1,107,1.1055841445922852;
