alpha, makespan, duration;
0.25,78,0.8312079906463623;
0.5,78,0.838864803314209;
0.75,78,0.8285150527954102;
1,78,0.7606420516967773;
