alpha, makespan, duration;
0.25,103,1.1476750373840332;
0.5,103,1.0981550216674805;
0.75,103,1.1340928077697754;
1,102,1.1040418148040771;
