alpha, makespan, duration;
0.25,107,1.3181891441345215;
0.5,110,1.3315882682800293;
0.75,110,1.3216161727905273;
1,108,1.2768340110778809;
