alpha, makespan, duration;
0.25,97,1.051746129989624;
0.5,97,1.0234358310699463;
0.75,97,1.051339864730835;
1,97,1.0020930767059326;
