alpha, makespan, duration;
0.25,96,1.0151290893554688;
0.5,96,1.0205519199371338;
0.75,96,1.0020461082458496;
1,96,0.9663269519805908;
