alpha, makespan, duration;
0.25,79,1.027306079864502;
0.5,79,1.0204622745513916;
0.75,79,1.0259320735931396;
1,79,0.9521160125732422;
