alpha, makespan, duration;
0.25,88,0.9714350700378418;
0.5,88,0.943350076675415;
0.75,88,0.9473741054534912;
1,88,0.898331880569458;
