alpha, makespan, duration;
0.25,112,0.8825020790100098;
0.5,112,0.8677792549133301;
0.75,112,0.8750307559967041;
1,112,0.8895878791809082;
