alpha, makespan, duration;
0.25,97,1.0774729251861572;
0.5,97,1.0631539821624756;
0.75,97,1.0728378295898438;
1,97,1.0222129821777344;
