alpha, makespan, duration;
0.25,76,0.798537015914917;
0.5,76,0.7892379760742188;
0.75,76,0.7863130569458008;
1,76,0.7781801223754883;
