alpha, makespan, duration;
0.25,98,1.1017789840698242;
0.5,98,1.1131200790405273;
0.75,98,1.101133108139038;
1,98,1.053027629852295;
