alpha, makespan, duration;
0.25,94,1.9559381008148193;
0.5,94,1.8905410766601562;
0.75,94,1.9163579940795898;
1,94,1.692903757095337;
