alpha, makespan, duration;
0.25,127,1.440826654434204;
0.5,127,1.4073688983917236;
0.75,127,1.3946409225463867;
1,127,1.2898449897766113;
