alpha, makespan, duration;
0.25,110,1.0227699279785156;
0.5,110,1.003490924835205;
0.75,110,1.0136470794677734;
1,110,0.977492094039917;
