alpha, makespan, duration;
0.25,100,0.9142322540283203;
0.5,100,0.902512788772583;
0.75,100,0.9121968746185303;
1,100,0.8356349468231201;
