alpha, makespan, duration;
0.25,92,0.8022570610046387;
0.5,92,0.7940340042114258;
0.75,92,0.782343864440918;
1,92,0.7784488201141357;
