alpha, makespan, duration;
0.25,82,0.8415911197662354;
0.5,82,0.8346960544586182;
0.75,82,0.8612051010131836;
1,82,0.802152156829834;
