alpha, makespan, duration;
0.25,101,1.3231749534606934;
0.5,102,1.3266770839691162;
0.75,102,1.3333320617675781;
1,101,1.2096920013427734;
