alpha, makespan, duration;
0.25,105,1.0618691444396973;
0.5,105,1.0759658813476562;
0.75,105,1.0620980262756348;
1,105,1.1221990585327148;
