alpha, makespan, duration;
0.25,93,1.3389959335327148;
0.5,92,1.2063910961151123;
0.75,92,1.2019712924957275;
1,92,1.0739760398864746;
