alpha, makespan, duration;
0.25,115,1.3249850273132324;
0.5,115,1.3185489177703857;
0.75,115,1.3068888187408447;
1,115,1.247011661529541;
