alpha, makespan, duration;
0.25,87,0.8449428081512451;
0.5,87,0.8285949230194092;
0.75,87,0.8193788528442383;
1,87,0.7917041778564453;
