alpha, makespan, duration;
0.25,93,0.7864019870758057;
0.5,89,0.7880189418792725;
0.75,89,0.8033578395843506;
1,88,0.8064560890197754;
