alpha, makespan, duration;
0.25,102,0.915226936340332;
0.5,101,0.8935208320617676;
0.75,101,0.8827812671661377;
1,100,0.8747761249542236;
