alpha, makespan, duration;
0.25,82,1.1171817779541016;
0.5,82,1.1325180530548096;
0.75,82,1.109356164932251;
1,82,1.0235238075256348;
