alpha, makespan, duration;
0.25,90,0.807884931564331;
0.5,90,0.791032075881958;
0.75,90,0.8092358112335205;
1,90,0.7817709445953369;
