alpha, makespan, duration;
0.25,98,1.1715469360351562;
0.5,98,1.0945391654968262;
0.75,98,1.0844769477844238;
1,98,1.0816969871520996;
