alpha, makespan, duration;
0.25,94,1.1082687377929688;
0.5,94,1.0467350482940674;
0.75,95,1.0492780208587646;
1,93,0.9813210964202881;
