alpha, makespan, duration;
0.25,95,0.9859070777893066;
0.5,92,0.9082512855529785;
0.75,93,0.8639240264892578;
1,93,0.9033820629119873;
