alpha, makespan, duration;
0.25,89,0.9375569820404053;
0.5,88,0.9484481811523438;
0.75,88,0.9532148838043213;
1,88,0.8776841163635254;
