alpha, makespan, duration;
0.25,82,0.8656468391418457;
0.5,82,0.8747777938842773;
0.75,82,0.8688492774963379;
1,82,0.7866189479827881;
