alpha, makespan, duration;
0.25,78,0.9587178230285645;
0.5,78,0.978287935256958;
0.75,78,0.9508061408996582;
1,78,0.9380879402160645;
