alpha, makespan, duration;
0.25,96,1.0825400352478027;
0.5,96,1.0484638214111328;
0.75,96,1.0484869480133057;
1,96,1.008281946182251;
