alpha, makespan, duration;
0.25,88,0.8183081150054932;
0.5,88,0.8154690265655518;
0.75,88,0.8130171298980713;
1,88,0.8501331806182861;
