alpha, makespan, duration;
0.25,99,1.2754862308502197;
0.5,99,1.2537851333618164;
0.75,99,1.2556562423706055;
1,99,1.1811718940734863;
