alpha, makespan, duration;
0.25,92,1.1164190769195557;
0.5,93,1.084165096282959;
0.75,86,1.045945167541504;
1,86,1.0446357727050781;
