alpha, makespan, duration;
0.25,118,1.1619982719421387;
0.5,118,1.1719138622283936;
0.75,118,1.1646552085876465;
1,118,1.0514700412750244;
