alpha, makespan, duration;
0.25,92,0.8365850448608398;
0.5,92,0.8338279724121094;
0.75,92,0.8476080894470215;
1,92,0.8478939533233643;
