alpha, makespan, duration;
0.25,82,0.8657879829406738;
0.5,81,0.8577821254730225;
0.75,82,0.8589050769805908;
1,84,0.8544042110443115;
