alpha, makespan, duration;
0.25,107,1.3250999450683594;
0.5,100,1.2921221256256104;
0.75,105,1.2775650024414062;
1,100,1.2202951908111572;
