alpha, makespan, duration;
0.25,97,1.1009788513183594;
0.5,97,1.1099188327789307;
0.75,97,1.0870940685272217;
1,97,1.0162289142608643;
