alpha, makespan, duration;
0.25,70,0.7685630321502686;
0.5,70,0.7555258274078369;
0.75,70,0.764988899230957;
1,70,0.7700989246368408;
