alpha, makespan, duration;
0.25,91,1.01942777633667;
0.5,92,1.0312309265136719;
0.75,93,0.9417099952697754;
1,90,0.8876826763153076;
