alpha, makespan, duration;
0.25,106,1.2359938621520996;
0.5,106,1.2439839839935303;
0.75,106,1.24428391456604;
1,106,1.2132492065429688;
