alpha, makespan, duration;
0.25,85,1.0814440250396729;
0.5,85,1.0873770713806152;
0.75,85,1.0920491218566895;
1,85,1.0225820541381836;
