alpha, makespan, duration;
0.25,101,1.264136791229248;
0.5,101,1.2075848579406738;
0.75,101,1.210162878036499;
1,101,1.1504383087158203;
