alpha, makespan, duration;
0.25,85,0.9506051540374756;
0.5,85,0.9275619983673096;
0.75,86,0.9058339595794678;
1,87,0.8806741237640381;
