alpha, makespan, duration;
0.25,82,0.8582019805908203;
0.5,82,0.8270671367645264;
0.75,82,0.8457188606262207;
1,82,0.8099830150604248;
