alpha, makespan, duration;
0.25,104,1.1101441383361816;
0.5,104,1.1035821437835693;
0.75,104,1.0920870304107666;
1,104,1.0909998416900635;
