alpha, makespan, duration;
0.25,99,1.0487160682678223;
0.5,99,1.0379650592803955;
0.75,99,1.0427029132843018;
1,99,0.9503440856933594;
