alpha, makespan, duration;
0.25,101,1.1858251094818115;
0.5,101,1.189439058303833;
0.75,101,1.1781692504882812;
1,101,1.1077990531921387;
