alpha, makespan, duration;
0.25,75,0.7903211116790771;
0.5,75,0.8268542289733887;
0.75,76,0.8291170597076416;
1,73,0.775062084197998;
