alpha, makespan, duration;
0.25,73,0.7883358001708984;
0.5,73,0.775245189666748;
0.75,73,0.775292158126831;
1,73,0.7787861824035645;
