alpha, makespan, duration;
0.25,106,1.0870449542999268;
0.5,105,1.0928480625152588;
0.75,106,1.1322898864746094;
1,107,1.0828189849853516;
