alpha, makespan, duration;
0.25,120,1.2720270156860352;
0.5,120,1.283933162689209;
0.75,120,1.2663662433624268;
1,120,1.2083792686462402;
