alpha, makespan, duration;
0.25,120,1.3682727813720703;
0.5,116,1.373161792755127;
0.75,116,1.3498167991638184;
1,116,1.280472993850708;
