alpha, makespan, duration;
0.25,132,1.7457988262176514;
0.5,131,1.723620891571045;
0.75,127,1.6354520320892334;
1,124,1.4680447578430176;
