alpha, makespan, duration;
0.25,101,1.2425708770751953;
0.5,101,1.2385778427124023;
0.75,102,1.2422118186950684;
1,104,1.1563079357147217;
