alpha, makespan, duration;
0.25,80,0.8202857971191406;
0.5,77,0.8194060325622559;
0.75,80,0.8103129863739014;
1,77,0.8166699409484863;
