alpha, makespan, duration;
0.25,118,1.4107420444488525;
0.5,118,1.2353160381317139;
0.75,118,1.2515668869018555;
1,118,1.1688551902770996;
