alpha, makespan, duration;
0.25,86,0.8700690269470215;
0.5,86,0.7932679653167725;
0.75,86,0.8022680282592773;
1,86,0.8013770580291748;
