alpha, makespan, duration;
0.25,98,1.0799531936645508;
0.5,98,1.0716960430145264;
0.75,98,1.11393404006958;
1,98,0.9829950332641602;
