alpha, makespan, duration;
0.25,82,0.9413602352142334;
0.5,82,0.9306092262268066;
0.75,82,0.9368400573730469;
1,82,0.9235780239105225;
