alpha, makespan, duration;
0.25,99,0.8951618671417236;
0.5,98,0.8518626689910889;
0.75,95,0.8865158557891846;
1,95,0.8373961448669434;
