alpha, makespan, duration;
0.25,78,0.7577071189880371;
0.5,78,0.7680509090423584;
0.75,78,0.7557508945465088;
1,78,0.786747932434082;
