alpha, makespan, duration;
0.25,90,0.8559000492095947;
0.5,90,0.8524367809295654;
0.75,90,0.8414289951324463;
1,90,0.8103179931640625;
