alpha, makespan, duration;
0.25,106,1.231820821762085;
0.5,107,1.2584960460662842;
0.75,106,1.2577919960021973;
1,103,1.1740789413452148;
