alpha, makespan, duration;
0.25,92,1.16227388381958;
0.5,92,1.149338722229004;
0.75,92,1.1879611015319824;
1,92,1.1088781356811523;
