alpha, makespan, duration;
0.25,103,1.325204849243164;
0.5,103,1.273071050643921;
0.75,103,1.3196699619293213;
1,103,1.2498319149017334;
