alpha, makespan, duration;
0.25,118,1.3883867263793945;
0.5,118,1.3818199634552002;
0.75,118,1.3525381088256836;
1,120,1.3389980792999268;
