alpha, makespan, duration;
0.25,98,1.041368007659912;
0.5,99,1.0761291980743408;
0.75,97,1.07271409034729;
1,93,1.021775722503662;
