alpha, makespan, duration;
0.25,89,1.1868841648101807;
0.5,89,1.1632037162780762;
0.75,89,1.179893970489502;
1,89,1.1072680950164795;
