alpha, makespan, duration;
0.25,110,1.029655933380127;
0.5,110,1.0606410503387451;
0.75,110,1.0481889247894287;
1,110,0.9660120010375977;
