alpha, makespan, duration;
0.25,90,0.8223018646240234;
0.5,90,0.8429920673370361;
0.75,90,0.8600208759307861;
1,90,0.8497352600097656;
