alpha, makespan, duration;
0.25,113,1.2656669616699219;
0.5,113,1.341418981552124;
0.75,113,1.2765281200408936;
1,113,1.2515780925750732;
