alpha, makespan, duration;
0.25,107,1.290113925933838;
0.5,105,1.2182679176330566;
0.75,105,1.1868627071380615;
1,105,1.0683159828186035;
