alpha, makespan, duration;
0.25,93,0.9909632205963135;
0.5,92,0.9534029960632324;
0.75,92,1.0469529628753662;
1,92,0.9398689270019531;
