alpha, makespan, duration;
0.25,104,1.106802225112915;
0.5,103,1.0991191864013672;
0.75,102,1.0500221252441406;
1,105,1.027068853378296;
