alpha, makespan, duration;
0.25,108,1.276705026626587;
0.5,107,1.2735590934753418;
0.75,108,1.2672410011291504;
1,107,1.2213943004608154;
