alpha, makespan, duration;
0.25,115,1.2655210494995117;
0.5,115,1.2399420738220215;
0.75,115,1.2647790908813477;
1,115,1.1871769428253174;
