alpha, makespan, duration;
0.25,106,1.321774959564209;
0.5,105,1.3544940948486328;
0.75,105,1.3356070518493652;
1,105,1.277160882949829;
