alpha, makespan, duration;
0.25,102,1.298029899597168;
0.5,98,1.318065881729126;
0.75,99,1.3386569023132324;
1,100,1.1840851306915283;
