alpha, makespan, duration;
0.25,103,1.194098949432373;
0.5,103,1.160536766052246;
0.75,103,1.1786019802093506;
1,103,1.1629188060760498;
