alpha, makespan, duration;
0.25,110,1.2142188549041748;
0.5,106,1.1759347915649414;
0.75,106,1.1893377304077148;
1,106,1.0699899196624756;
