alpha, makespan, duration;
0.25,115,1.3596851825714111;
0.5,115,1.2990379333496094;
0.75,115,1.2821080684661865;
1,115,1.315845251083374;
