alpha, makespan, duration;
0.25,103,1.2515718936920166;
0.5,103,1.1464009284973145;
0.75,103,1.129112958908081;
1,103,1.129518747329712;
