alpha, makespan, duration;
0.25,89,1.0692999362945557;
0.5,90,1.090489149093628;
0.75,90,1.2160351276397705;
1,90,1.4413692951202393;
