alpha, makespan, duration;
0.25,89,0.7889790534973145;
0.5,89,0.7668721675872803;
0.75,89,0.8112180233001709;
1,90,0.8057379722595215;
