alpha, makespan, duration;
0.25,99,0.8564059734344482;
0.5,99,0.8435447216033936;
0.75,99,0.8638579845428467;
1,99,0.8448143005371094;
