alpha, makespan, duration;
0.25,93,0.836421012878418;
0.5,93,0.8364717960357666;
0.75,93,0.8370749950408936;
1,93,0.8352997303009033;
