alpha, makespan, duration;
0.25,106,0.9058399200439453;
0.5,106,0.9037570953369141;
0.75,106,0.8873288631439209;
1,106,0.8739478588104248;
