alpha, makespan, duration;
0.25,74,0.8975770473480225;
0.5,74,0.9986157417297363;
0.75,74,0.8639402389526367;
1,74,0.7683408260345459;
