alpha, makespan, duration;
0.25,130,1.487527847290039;
0.5,132,1.4725818634033203;
0.75,131,1.4259798526763916;
1,130,1.3436510562896729;
