alpha, makespan, duration;
0.25,132,1.593210220336914;
0.5,131,1.5913589000701904;
0.75,131,1.550588846206665;
1,131,1.4205710887908936;
