alpha, makespan, duration;
0.25,91,1.0223679542541504;
0.5,91,1.0233049392700195;
0.75,91,1.015484094619751;
1,91,0.9977991580963135;
