alpha, makespan, duration;
0.25,108,1.1335029602050781;
0.5,106,1.125992774963379;
0.75,103,1.1185829639434814;
1,106,1.0439732074737549;
