alpha, makespan, duration;
0.25,82,0.9869511127471924;
0.5,82,0.9753589630126953;
0.75,82,0.974755048751831;
1,82,0.9443280696868896;
