alpha, makespan, duration;
0.25,89,0.8461880683898926;
0.5,89,0.8156747817993164;
0.75,89,0.7932329177856445;
1,89,0.81791090965271;
