alpha, makespan, duration;
0.25,84,0.9665241241455078;
0.5,84,0.9703841209411621;
0.75,84,0.9785308837890625;
1,84,0.925360918045044;
