alpha, makespan, duration;
0.25,95,1.0200130939483643;
0.5,91,1.016880989074707;
0.75,91,0.9780361652374268;
1,90,0.8649828433990479;
