alpha, makespan, duration;
0.25,96,0.9779489040374756;
0.5,96,1.0070698261260986;
0.75,96,0.9733209609985352;
1,96,0.9706599712371826;
