alpha, makespan, duration;
0.25,95,1.2087359428405762;
0.5,95,1.2043702602386475;
0.75,95,1.209779977798462;
1,95,1.151399850845337;
