alpha, makespan, duration;
0.25,67,0.8405988216400146;
0.5,67,0.8306779861450195;
0.75,67,0.8478701114654541;
1,67,0.7950561046600342;
