alpha, makespan, duration;
0.25,93,1.1442458629608154;
0.5,93,1.1344819068908691;
0.75,93,1.1274211406707764;
1,93,1.1197798252105713;
