alpha, makespan, duration;
0.25,102,1.0089869499206543;
0.5,102,1.0214250087738037;
0.75,102,1.0089318752288818;
1,102,0.9955260753631592;
