alpha, makespan, duration;
0.25,112,1.2687840461730957;
0.5,112,1.2885959148406982;
0.75,112,1.242372989654541;
1,112,1.1625840663909912;
