alpha, makespan, duration;
0.25,81,0.9477229118347168;
0.5,81,0.9475576877593994;
0.75,81,0.953305721282959;
1,81,0.9384808540344238;
