alpha, makespan, duration;
0.25,93,1.108875036239624;
0.5,93,1.063931941986084;
0.75,93,1.063032865524292;
1,93,0.9646267890930176;
