alpha, makespan, duration;
0.25,116,1.2194321155548096;
0.5,106,0.9658241271972656;
0.75,106,0.9586551189422607;
1,105,0.8363640308380127;
