alpha, makespan, duration;
0.25,112,1.343846082687378;
0.5,113,1.3407349586486816;
0.75,113,1.29659104347229;
1,111,1.2907741069793701;
