alpha, makespan, duration;
0.25,85,0.8532230854034424;
0.5,85,0.8684659004211426;
0.75,85,0.8708019256591797;
1,85,0.7990536689758301;
