alpha, makespan, duration;
0.25,85,1.2385478019714355;
0.5,84,1.22996187210083;
0.75,84,1.2121930122375488;
1,84,1.112229824066162;
