alpha, makespan, duration;
0.25,90,0.9456560611724854;
0.5,90,0.9450740814208984;
0.75,90,0.9387221336364746;
1,90,0.8859786987304688;
