alpha, makespan, duration;
0.25,88,0.8340928554534912;
0.5,82,0.8050899505615234;
0.75,81,0.8335530757904053;
1,80,0.8014731407165527;
