alpha, makespan, duration;
0.25,80,0.8217301368713379;
0.5,80,0.8259179592132568;
0.75,80,0.8238222599029541;
1,80,0.7801620960235596;
