alpha, makespan, duration;
0.25,91,0.796483039855957;
0.5,91,0.8115029335021973;
0.75,91,0.813176155090332;
1,90,0.7894020080566406;
