alpha, makespan, duration;
0.25,99,0.8860819339752197;
0.5,99,0.8695371150970459;
0.75,100,0.9070999622344971;
1,99,0.8149759769439697;
