alpha, makespan, duration;
0.25,100,0.9941220283508301;
0.5,100,1.001192331314087;
0.75,100,0.9995641708374023;
1,100,0.9765257835388184;
