alpha, makespan, duration;
0.25,97,0.8941009044647217;
0.5,98,0.9030559062957764;
0.75,98,0.9251761436462402;
1,96,0.8592219352722168;
