alpha, makespan, duration;
0.25,122,1.2139010429382324;
0.5,122,1.2151710987091064;
0.75,122,1.2130522727966309;
1,122,1.2261931896209717;
