alpha, makespan, duration;
0.25,119,1.7443437576293945;
0.5,116,1.6859488487243652;
0.75,114,1.6881098747253418;
1,114,1.5640990734100342;
