alpha, makespan, duration;
0.25,91,1.1833751201629639;
0.5,91,1.1412672996520996;
0.75,91,1.152966022491455;
1,91,1.026505947113037;
