alpha, makespan, duration;
0.25,84,0.9215657711029053;
0.5,76,0.8504650592803955;
0.75,76,0.8479461669921875;
1,75,0.8403751850128174;
