alpha, makespan, duration;
0.25,78,1.0098001956939697;
0.5,78,1.0262320041656494;
0.75,78,1.0257527828216553;
1,78,0.9382519721984863;
