alpha, makespan, duration;
0.25,108,1.2629728317260742;
0.5,108,1.2558109760284424;
0.75,108,1.2281649112701416;
1,107,1.1808550357818604;
