alpha, makespan, duration;
0.25,117,1.325253963470459;
0.5,115,1.1495769023895264;
0.75,114,1.0986380577087402;
1,116,1.037998914718628;
