alpha, makespan, duration;
0.25,89,0.7974789142608643;
0.5,89,0.7890148162841797;
0.75,89,0.7883598804473877;
1,89,0.7916989326477051;
