alpha, makespan, duration;
0.25,91,1.0878660678863525;
0.5,91,1.0804369449615479;
0.75,91,1.0897142887115479;
1,91,1.0002140998840332;
