alpha, makespan, duration;
0.25,88,1.178757905960083;
0.5,88,1.0982940196990967;
0.75,88,1.115220308303833;
1,88,1.1176738739013672;
