alpha, makespan, duration;
0.25,89,0.7971181869506836;
0.5,85,0.8050229549407959;
0.75,85,0.7795150279998779;
1,85,0.7796010971069336;
