alpha, makespan, duration;
0.25,106,1.3364458084106445;
0.5,106,1.3279967308044434;
0.75,106,1.3503258228302002;
1,101,1.317167043685913;
