alpha, makespan, duration;
0.25,100,1.1657519340515137;
0.5,100,1.1909527778625488;
0.75,100,1.1772117614746094;
1,99,1.1208069324493408;
