alpha, makespan, duration;
0.25,113,1.3411791324615479;
0.5,112,1.3209691047668457;
0.75,112,1.333202838897705;
1,112,1.189716100692749;
