alpha, makespan, duration;
0.25,105,1.241645097732544;
0.5,105,1.2518620491027832;
0.75,105,1.253661870956421;
1,105,1.24139404296875;
