alpha, makespan, duration;
0.25,79,0.8235480785369873;
0.5,79,0.8462672233581543;
0.75,79,0.8532240390777588;
1,79,0.7843787670135498;
