alpha, makespan, duration;
0.25,112,1.3426449298858643;
0.5,112,1.3068978786468506;
0.75,112,1.3044509887695312;
1,112,1.2435760498046875;
