alpha, makespan, duration;
0.25,89,0.9135069847106934;
0.5,89,0.9144399166107178;
0.75,89,0.8997268676757812;
1,89,0.8940579891204834;
