alpha, makespan, duration;
0.25,117,1.292902946472168;
0.5,117,1.2713279724121094;
0.75,117,1.242842197418213;
1,117,1.2741708755493164;
