alpha, makespan, duration;
0.25,115,1.1668150424957275;
0.5,115,1.1105999946594238;
0.75,115,1.1169483661651611;
1,115,0.9931111335754395;
