alpha, makespan, duration;
0.25,102,0.8533508777618408;
0.5,102,0.8492209911346436;
0.75,102,0.8429889678955078;
1,102,0.796762228012085;
