alpha, makespan, duration;
0.25,87,1.289700984954834;
0.5,86,1.17559814453125;
0.75,86,1.178497076034546;
1,86,1.1653070449829102;
