alpha, makespan, duration;
0.25,110,1.426983118057251;
0.5,108,1.4379968643188477;
0.75,106,1.409477710723877;
1,105,1.3145396709442139;
