alpha, makespan, duration;
0.25,103,1.5238237380981445;
0.5,102,1.2466387748718262;
0.75,102,1.2684612274169922;
1,102,1.1869490146636963;
