alpha, makespan, duration;
0.25,87,0.9796271324157715;
0.5,82,0.9711410999298096;
0.75,81,0.9497129917144775;
1,81,0.8537769317626953;
