alpha, makespan, duration;
0.25,103,1.222625970840454;
0.5,100,1.240001916885376;
0.75,105,1.234407901763916;
1,104,1.1106863021850586;
