alpha, makespan, duration;
0.25,77,1.049116849899292;
0.5,77,1.0297937393188477;
0.75,77,1.0585029125213623;
1,77,0.9872078895568848;
