alpha, makespan, duration;
0.25,103,1.1918749809265137;
0.5,103,1.181311845779419;
0.75,103,1.1893770694732666;
1,103,1.1565828323364258;
