alpha, makespan, duration;
0.25,124,1.6304130554199219;
0.5,126,1.6635932922363281;
0.75,116,1.6246061325073242;
1,120,1.5309791564941406;
