alpha, makespan, duration;
0.25,76,0.7664721012115479;
0.5,76,0.7521951198577881;
0.75,76,0.7485411167144775;
1,76,0.7373759746551514;
