alpha, makespan, duration;
0.25,108,1.3192870616912842;
0.5,108,1.3053970336914062;
0.75,108,1.3252716064453125;
1,108,1.583916187286377;
