alpha, makespan, duration;
0.25,73,0.7856409549713135;
0.5,73,0.766887903213501;
0.75,73,0.7617721557617188;
1,73,0.7945652008056641;
