alpha, makespan, duration;
0.25,81,0.779019832611084;
0.5,81,0.7706520557403564;
0.75,81,0.7781403064727783;
1,81,0.7762479782104492;
