alpha, makespan, duration;
0.25,106,1.1550021171569824;
0.5,106,1.150820016860962;
0.75,106,1.1361379623413086;
1,106,1.0847339630126953;
