alpha, makespan, duration;
0.25,113,1.195133924484253;
0.5,113,1.1838128566741943;
0.75,113,1.1785149574279785;
1,113,1.1000523567199707;
