alpha, makespan, duration;
0.25,115,0.8925440311431885;
0.5,115,0.90791916847229;
0.75,115,0.8939011096954346;
1,115,0.8897459506988525;
