alpha, makespan, duration;
0.25,89,0.8752789497375488;
0.5,94,0.857964038848877;
0.75,89,0.8476243019104004;
1,88,0.8408119678497314;
