alpha, makespan, duration;
0.25,102,1.5308241844177246;
0.5,102,1.2853569984436035;
0.75,102,1.3085179328918457;
1,102,1.212982177734375;
