alpha, makespan, duration;
0.25,69,0.7623438835144043;
0.5,69,0.7627170085906982;
0.75,68,0.7580139636993408;
1,71,0.7431488037109375;
