alpha, makespan, duration;
0.25,119,1.2015960216522217;
0.5,118,1.2000758647918701;
0.75,117,1.1538097858428955;
1,118,1.195727825164795;
