alpha, makespan, duration;
0.25,72,0.8289079666137695;
0.5,72,0.7913737297058105;
0.75,72,0.7854757308959961;
1,72,0.743175745010376;
