alpha, makespan, duration;
0.25,90,1.153980016708374;
0.5,90,1.1362895965576172;
0.75,90,1.131608009338379;
1,90,1.0796442031860352;
