alpha, makespan, duration;
0.25,78,0.975661039352417;
0.5,78,0.9750900268554688;
0.75,78,0.9955987930297852;
1,78,0.9312698841094971;
