alpha, makespan, duration;
0.25,96,1.3860740661621094;
0.5,96,1.266690969467163;
0.75,96,1.276365041732788;
1,96,1.1652438640594482;
