alpha, makespan, duration;
0.25,85,0.8089799880981445;
0.5,85,0.8026690483093262;
0.75,85,0.8087158203125;
1,85,0.7929410934448242;
