alpha, makespan, duration;
0.25,76,0.7860121726989746;
0.5,76,0.8023321628570557;
0.75,76,0.7829239368438721;
1,76,0.785938024520874;
