alpha, makespan, duration;
0.25,89,0.8206992149353027;
0.5,88,0.8349838256835938;
0.75,88,0.8223469257354736;
1,88,0.8518860340118408;
