alpha, makespan, duration;
0.25,118,1.3463480472564697;
0.5,117,1.2596168518066406;
0.75,117,1.2901618480682373;
1,117,1.2529842853546143;
