alpha, makespan, duration;
0.25,88,0.8446311950683594;
0.5,88,0.8559591770172119;
0.75,88,0.8595471382141113;
1,88,0.8322231769561768;
