alpha, makespan, duration;
0.25,76,0.8488948345184326;
0.5,76,0.8511710166931152;
0.75,76,0.8527543544769287;
1,76,0.756615161895752;
