alpha, makespan, duration;
0.25,98,1.2405860424041748;
0.5,98,1.260448932647705;
0.75,98,1.2413430213928223;
1,98,1.1054222583770752;
