alpha, makespan, duration;
0.25,131,1.4284648895263672;
0.5,131,1.3896088600158691;
0.75,131,1.4080419540405273;
1,131,1.2779619693756104;
