alpha, makespan, duration;
0.25,73,0.777064323425293;
0.5,73,0.7750740051269531;
0.75,73,0.7621257305145264;
1,73,0.7757248878479004;
