alpha, makespan, duration;
0.25,99,1.3270378112792969;
0.5,99,1.3540642261505127;
0.75,99,1.3176000118255615;
1,99,1.2406160831451416;
