alpha, makespan, duration;
0.25,105,1.2078120708465576;
0.5,105,1.1919400691986084;
0.75,105,1.1557211875915527;
1,105,1.137665033340454;
