alpha, makespan, duration;
0.25,107,0.8789958953857422;
0.5,107,0.8441770076751709;
0.75,107,0.824782133102417;
1,107,0.8290190696716309;
