alpha, makespan, duration;
0.25,111,0.957817792892456;
0.5,111,0.965203046798706;
0.75,112,0.931084156036377;
1,105,0.8823320865631104;
