alpha, makespan, duration;
0.25,102,1.1233961582183838;
0.5,102,1.1374940872192383;
0.75,102,1.1136410236358643;
1,102,1.1214451789855957;
