alpha, makespan, duration;
0.25,89,0.8138628005981445;
0.5,89,0.8313601016998291;
0.75,89,0.816378116607666;
1,89,0.810582160949707;
