alpha, makespan, duration;
0.25,90,0.8538570404052734;
0.5,87,0.8527870178222656;
0.75,89,0.8562297821044922;
1,83,0.7885639667510986;
