alpha, makespan, duration;
0.25,122,1.6150710582733154;
0.5,122,1.5996558666229248;
0.75,122,1.5578100681304932;
1,124,1.4628689289093018;
