alpha, makespan, duration;
0.25,92,0.8997292518615723;
0.5,92,0.8864729404449463;
0.75,92,0.9057819843292236;
1,92,0.884174108505249;
