alpha, makespan, duration;
0.25,112,1.3501896858215332;
0.5,112,1.3447060585021973;
0.75,112,1.3603160381317139;
1,112,1.2909162044525146;
