alpha, makespan, duration;
0.25,81,1.057373046875;
0.5,81,1.0326430797576904;
0.75,81,1.0352451801300049;
1,81,0.9441308975219727;
