alpha, makespan, duration;
0.25,101,1.0729970932006836;
0.5,101,1.0693860054016113;
0.75,101,1.0991010665893555;
1,101,0.9978690147399902;
