alpha, makespan, duration;
0.25,82,0.8015189170837402;
0.5,82,0.8148641586303711;
0.75,82,0.8058822154998779;
1,82,0.7865009307861328;
