alpha, makespan, duration;
0.25,102,1.2857191562652588;
0.5,102,1.2668049335479736;
0.75,101,1.2834968566894531;
1,96,1.2091059684753418;
