alpha, makespan, duration;
0.25,98,1.1248879432678223;
0.5,98,1.0877161026000977;
0.75,98,1.1070127487182617;
1,98,0.9695827960968018;
