alpha, makespan, duration;
0.25,101,1.2015841007232666;
0.5,102,1.2112760543823242;
0.75,102,1.2037608623504639;
1,102,1.138157844543457;
