alpha, makespan, duration;
0.25,86,1.1622040271759033;
0.5,86,1.163910150527954;
0.75,86,1.176819086074829;
1,86,1.0969970226287842;
