alpha, makespan, duration;
0.25,97,1.3162410259246826;
0.5,98,1.3284430503845215;
0.75,98,1.311265230178833;
1,100,1.3196048736572266;
