alpha, makespan, duration;
0.25,102,1.0710139274597168;
0.5,100,1.0447628498077393;
0.75,99,1.0357418060302734;
1,99,1.025345802307129;
