alpha, makespan, duration;
0.25,93,0.9820578098297119;
0.5,93,1.001492977142334;
0.75,93,1.0037341117858887;
1,93,0.9833199977874756;
