alpha, makespan, duration;
0.25,87,1.0105299949645996;
0.5,87,1.0161519050598145;
0.75,87,1.012411117553711;
1,87,0.9840109348297119;
