alpha, makespan, duration;
0.25,105,1.1728360652923584;
0.5,106,1.1744730472564697;
0.75,105,1.1704609394073486;
1,106,1.0942668914794922;
