alpha, makespan, duration;
0.25,100,0.9604418277740479;
0.5,95,0.9447548389434814;
0.75,100,0.9445886611938477;
1,100,0.927954912185669;
