alpha, makespan, duration;
0.25,109,1.2266900539398193;
0.5,106,1.2131919860839844;
0.75,102,1.217620849609375;
1,104,1.198211908340454;
