alpha, makespan, duration;
0.25,81,0.860145092010498;
0.5,81,0.814378023147583;
0.75,81,0.8008639812469482;
1,81,0.7703890800476074;
