alpha, makespan, duration;
0.25,88,0.8451530933380127;
0.5,88,0.8620569705963135;
0.75,88,0.8657567501068115;
1,88,0.8473336696624756;
