alpha, makespan, duration;
0.25,73,1.0191278457641602;
0.5,73,1.0087580680847168;
0.75,73,1.0144479274749756;
1,73,0.9941737651824951;
