alpha, makespan, duration;
0.25,90,1.0285499095916748;
0.5,90,0.9896457195281982;
0.75,90,1.0118329524993896;
1,90,0.939316987991333;
