alpha, makespan, duration;
0.25,103,1.0223228931427002;
0.5,103,1.0164949893951416;
0.75,103,1.0007367134094238;
1,103,1.0237970352172852;
