alpha, makespan, duration;
0.25,97,1.1428558826446533;
0.5,96,1.1338121891021729;
0.75,97,1.1550049781799316;
1,97,1.1436150074005127;
