alpha, makespan, duration;
0.25,79,0.8193409442901611;
0.5,78,0.8297021389007568;
0.75,78,0.8453578948974609;
1,78,0.8499047756195068;
