alpha, makespan, duration;
0.25,80,0.752661943435669;
0.5,80,0.7642481327056885;
0.75,80,0.7694909572601318;
1,80,0.8075079917907715;
