alpha, makespan, duration;
0.25,96,0.9495112895965576;
0.5,96,0.9463531970977783;
0.75,96,0.9495601654052734;
1,95,0.8308858871459961;
