alpha, makespan, duration;
0.25,93,1.1998417377471924;
0.5,93,1.1758081912994385;
0.75,93,1.1692650318145752;
1,93,1.114271879196167;
