alpha, makespan, duration;
0.25,107,1.2098779678344727;
0.5,107,1.1852202415466309;
0.75,107,1.179347038269043;
1,107,1.173384189605713;
