alpha, makespan, duration;
0.25,131,1.3635587692260742;
0.5,132,1.3830437660217285;
0.75,134,1.382997989654541;
1,136,1.3182320594787598;
