alpha, makespan, duration;
0.25,88,0.8657379150390625;
0.5,88,0.8376467227935791;
0.75,82,0.8552320003509521;
1,81,0.800915002822876;
