alpha, makespan, duration;
0.25,95,1.0630950927734375;
0.5,95,1.0405611991882324;
0.75,95,1.060230016708374;
1,95,0.8918499946594238;
