alpha, makespan, duration;
0.25,95,0.7864038944244385;
0.5,95,0.7830829620361328;
0.75,95,0.787175178527832;
1,95,0.8690931797027588;
