alpha, makespan, duration;
0.25,92,1.0801379680633545;
0.5,92,1.0204229354858398;
0.75,92,1.0172438621520996;
1,92,1.0063457489013672;
