alpha, makespan, duration;
0.25,72,0.8350000381469727;
0.5,72,0.8500497341156006;
0.75,72,0.8632462024688721;
1,72,0.8286042213439941;
