alpha, makespan, duration;
0.25,92,1.0957598686218262;
0.5,92,1.1076500415802002;
0.75,92,1.0920178890228271;
1,92,1.0406789779663086;
